Time_mins,b0891_0,b0891_2,b0891_4,b0891_6,b0891_8,b0891_0,b0891_2,b0891_4,b0891_6,b0891_8,b0891_0,b0891_2,b0891_4,b0891_6,b0891_8,b0891_0,b0891_2,b0891_4,b0891_6,b0891_8,b0948_0,b0948_2,b0948_4,b0948_6,b0948_8,b0948_0,b0948_2,b0948_4,b0948_6,b0948_8,b0948_0,b0948_2,b0948_4,b0948_6,b0948_8,b0948_0,b0948_2,b0948_4,b0948_6,b0948_8,b1000_0,b1000_2,b1000_4,b1000_6,b1000_8,b1000_0,b1000_2,b1000_4,b1000_6,b1000_8,b1000_0,b1000_2,b1000_4,b1000_6,b1000_8,b1000_0,b1000_2,b1000_4,b1000_6,b1000_8,b1084_0,b1084_2,b1084_4,b1084_6,b1084_8,b1084_0,b1084_2,b1084_4,b1084_6,b1084_8,b1084_0,b1084_2,b1084_4,b1084_6,b1084_8,b1084_0,b1084_2,b1084_4,b1084_6,b1084_8,b1094_0,b1094_2,b1094_4,b1094_6,b1094_8,b1094_0,b1094_2,b1094_4,b1094_6,b1094_8,b1094_0,b1094_2,b1094_4,b1094_6,b1094_8,b1094_0,b1094_2,b1094_4,b1094_6,b1094_8,WT4_0,WT4_2,WT4_4,WT4_6,WT4_8,WT4_0,WT4_2,WT4_4,WT4_6,WT4_8,WT4_0,WT4_2,WT4_4,WT4_6,WT4_8,WT4_0,WT4_2,WT4_4,WT4_6,WT4_8
0,0.056,0.064,0.052,0.061,0.062,0.062,0.078,0.06,0.05,0.058,0.019,0.044,0.039,0.031,0.038,0.034,0.051,0.044,0.024,0.017,0.06,0.059,0.06,0.06,0.064,0.064,0.078,0.072,0.059,0.059,0.024,0.033,0.048,0.035,0.046,0.038,0.052,0.049,0.035,0.021,0.09,0.081,0.076,0.086,0.08,0.069,0.092,0.068,0.067,0.055,0.042,0.046,0.057,0.055,0.06,0.027,0.064,0.043,0.042,0.025,0.068,0.072,0.072,0.069,0.067,0.068,0.077,0.067,0.062,0.068,0.035,0.04,0.045,0.048,0.048,0.05,0.053,0.046,0.034,0.029,0.068,0.078,0.077,0.066,0.063,0.062,0.087,0.068,0.062,0.058,0.032,0.041,0.041,0.039,0.037,0.025,0.058,0.045,0.041,0.021,0.059,0.061,0.046,0.054,0.055,0.074,0.071,0.072,0.061,0.071,0.028,0.045,0.024,0.028,0.026,0.045,0.046,0.05,0.035,0.02
20,0.059,0.07,0.059,0.07,0.067,0.072,0.087,0.078,0.059,0.063,0.018,0.033,0.025,0.023,0.027,0.032,0.04,0.036,0.025,0.024,0.062,0.062,0.065,0.069,0.069,0.064,0.078,0.078,0.061,0.061,0.024,0.027,0.04,0.025,0.034,0.03,0.042,0.043,0.03,0.023,0.093,0.082,0.082,0.092,0.082,0.072,0.09,0.075,0.07,0.061,0.039,0.033,0.043,0.041,0.046,0.029,0.048,0.033,0.037,0.024,0.074,0.073,0.087,0.076,0.072,0.071,0.079,0.078,0.069,0.073,0.05,0.034,0.038,0.034,0.037,0.043,0.041,0.038,0.035,0.031,0.074,0.075,0.08,0.071,0.067,0.064,0.09,0.064,0.064,0.058,0.027,0.029,0.03,0.03,0.028,0.02,0.043,0.029,0.033,0.019,0.059,0.058,0.044,0.061,0.054,0.081,0.078,0.079,0.07,0.073,0.024,0.031,0.018,0.02,0.018,0.042,0.04,0.041,0.04,0.033
40,0.065,0.069,0.061,0.068,0.066,0.077,0.086,0.074,0.057,0.063,0.022,0.038,0.027,0.025,0.031,0.035,0.044,0.039,0.027,0.028,0.07,0.067,0.067,0.067,0.067,0.075,0.085,0.079,0.064,0.062,0.026,0.029,0.042,0.027,0.036,0.032,0.045,0.045,0.036,0.026,0.103,0.091,0.093,0.092,0.082,0.079,0.096,0.071,0.068,0.06,0.043,0.038,0.046,0.044,0.05,0.032,0.051,0.034,0.041,0.025,0.079,0.08,0.083,0.073,0.069,0.08,0.085,0.077,0.071,0.072,0.053,0.036,0.042,0.037,0.04,0.048,0.046,0.043,0.038,0.035,0.082,0.082,0.086,0.069,0.067,0.071,0.091,0.071,0.067,0.059,0.032,0.034,0.034,0.031,0.03,0.024,0.048,0.032,0.036,0.022,0.066,0.062,0.05,0.067,0.056,0.086,0.087,0.085,0.073,0.075,0.027,0.034,0.021,0.026,0.021,0.047,0.044,0.047,0.044,0.037
60,0.074,0.076,0.072,0.076,0.075,0.082,0.098,0.08,0.067,0.071,0.025,0.042,0.029,0.027,0.033,0.038,0.047,0.041,0.031,0.032,0.08,0.078,0.076,0.078,0.076,0.085,0.098,0.087,0.074,0.071,0.029,0.033,0.044,0.03,0.041,0.033,0.049,0.048,0.038,0.03,0.115,0.101,0.103,0.106,0.091,0.089,0.106,0.081,0.077,0.068,0.047,0.042,0.049,0.048,0.052,0.034,0.054,0.037,0.045,0.031,0.092,0.088,0.094,0.082,0.078,0.09,0.092,0.088,0.08,0.079,0.056,0.038,0.044,0.039,0.04,0.048,0.048,0.044,0.041,0.038,0.093,0.092,0.096,0.079,0.076,0.084,0.102,0.079,0.074,0.067,0.035,0.036,0.037,0.033,0.032,0.027,0.049,0.033,0.037,0.026,0.076,0.073,0.059,0.079,0.065,0.096,0.094,0.093,0.081,0.085,0.03,0.038,0.023,0.027,0.027,0.049,0.049,0.05,0.048,0.042
80,0.081,0.083,0.077,0.081,0.081,0.088,0.106,0.089,0.074,0.079,0.03,0.046,0.035,0.032,0.039,0.046,0.053,0.046,0.034,0.037,0.087,0.084,0.082,0.082,0.08,0.091,0.105,0.094,0.08,0.076,0.034,0.038,0.05,0.033,0.046,0.042,0.056,0.053,0.046,0.035,0.121,0.108,0.108,0.11,0.097,0.093,0.111,0.086,0.083,0.072,0.052,0.045,0.054,0.049,0.059,0.039,0.059,0.045,0.05,0.037,0.097,0.094,0.099,0.087,0.083,0.097,0.1,0.095,0.086,0.086,0.061,0.041,0.047,0.043,0.046,0.058,0.054,0.049,0.045,0.044,0.1,0.099,0.099,0.084,0.081,0.089,0.107,0.083,0.08,0.071,0.04,0.039,0.04,0.038,0.037,0.033,0.056,0.037,0.043,0.03,0.085,0.08,0.066,0.082,0.073,0.105,0.103,0.103,0.093,0.094,0.039,0.045,0.029,0.035,0.035,0.058,0.055,0.057,0.057,0.05
100,0.091,0.094,0.085,0.091,0.09,0.098,0.114,0.096,0.089,0.089,0.039,0.058,0.045,0.041,0.047,0.056,0.063,0.055,0.046,0.047,0.098,0.097,0.093,0.093,0.092,0.1,0.114,0.102,0.092,0.088,0.043,0.048,0.059,0.041,0.055,0.051,0.064,0.063,0.056,0.044,0.131,0.119,0.119,0.121,0.107,0.105,0.123,0.096,0.096,0.083,0.061,0.056,0.063,0.061,0.067,0.049,0.07,0.053,0.06,0.044,0.111,0.102,0.105,0.093,0.087,0.108,0.106,0.1,0.093,0.092,0.07,0.045,0.053,0.049,0.051,0.07,0.062,0.057,0.05,0.049,0.109,0.109,0.105,0.093,0.092,0.098,0.118,0.093,0.09,0.08,0.05,0.05,0.051,0.046,0.046,0.042,0.063,0.046,0.051,0.038,0.099,0.093,0.077,0.094,0.084,0.117,0.116,0.116,0.105,0.106,0.05,0.057,0.04,0.047,0.044,0.069,0.066,0.07,0.069,0.061
120,0.108,0.107,0.099,0.104,0.103,0.112,0.128,0.111,0.103,0.104,0.053,0.069,0.056,0.052,0.061,0.069,0.076,0.065,0.056,0.06,0.114,0.111,0.107,0.106,0.105,0.113,0.129,0.117,0.104,0.101,0.056,0.061,0.071,0.051,0.067,0.067,0.08,0.077,0.069,0.057,0.146,0.137,0.133,0.135,0.12,0.119,0.139,0.112,0.11,0.097,0.075,0.07,0.076,0.073,0.08,0.061,0.085,0.065,0.073,0.057,0.127,0.113,0.114,0.102,0.095,0.124,0.115,0.112,0.102,0.1,0.081,0.054,0.061,0.055,0.055,0.085,0.073,0.067,0.059,0.059,0.127,0.124,0.118,0.105,0.102,0.11,0.131,0.109,0.103,0.093,0.062,0.061,0.06,0.057,0.057,0.055,0.076,0.058,0.063,0.049,0.12,0.108,0.091,0.107,0.1,0.135,0.132,0.134,0.123,0.125,0.065,0.073,0.056,0.06,0.064,0.083,0.079,0.084,0.083,0.074
140,0.127,0.128,0.114,0.12,0.119,0.134,0.147,0.128,0.12,0.121,0.068,0.088,0.067,0.066,0.076,0.088,0.092,0.081,0.072,0.072,0.135,0.133,0.125,0.122,0.121,0.133,0.145,0.138,0.124,0.117,0.074,0.076,0.088,0.067,0.082,0.085,0.096,0.093,0.085,0.074,0.166,0.158,0.153,0.151,0.134,0.14,0.161,0.131,0.129,0.115,0.091,0.086,0.092,0.089,0.097,0.076,0.101,0.08,0.088,0.073,0.153,0.126,0.123,0.112,0.104,0.144,0.13,0.124,0.111,0.113,0.097,0.062,0.07,0.065,0.066,0.105,0.085,0.078,0.069,0.07,0.147,0.144,0.134,0.119,0.117,0.128,0.146,0.124,0.119,0.109,0.077,0.076,0.076,0.069,0.069,0.073,0.091,0.074,0.076,0.064,0.141,0.134,0.111,0.128,0.121,0.157,0.157,0.153,0.148,0.146,0.085,0.092,0.073,0.08,0.078,0.102,0.097,0.104,0.101,0.092
160,0.156,0.155,0.136,0.14,0.141,0.16,0.172,0.152,0.142,0.144,0.089,0.107,0.089,0.083,0.093,0.107,0.109,0.099,0.09,0.091,0.161,0.157,0.146,0.144,0.143,0.158,0.168,0.159,0.148,0.139,0.091,0.095,0.106,0.085,0.102,0.106,0.116,0.112,0.106,0.093,0.195,0.18,0.175,0.169,0.16,0.163,0.189,0.156,0.155,0.138,0.111,0.108,0.112,0.107,0.115,0.093,0.119,0.1,0.108,0.091,0.184,0.142,0.14,0.124,0.115,0.173,0.149,0.131,0.122,0.126,0.116,0.075,0.079,0.074,0.074,0.129,0.096,0.088,0.079,0.079,0.175,0.164,0.155,0.134,0.131,0.155,0.166,0.145,0.136,0.126,0.096,0.092,0.09,0.085,0.084,0.09,0.105,0.09,0.092,0.078,0.178,0.169,0.137,0.153,0.144,0.188,0.18,0.182,0.179,0.174,0.108,0.115,0.094,0.099,0.099,0.124,0.118,0.125,0.125,0.111
180,0.191,0.192,0.167,0.168,0.17,0.198,0.205,0.176,0.169,0.169,0.111,0.132,0.112,0.103,0.114,0.135,0.135,0.124,0.112,0.114,0.201,0.195,0.18,0.174,0.17,0.194,0.206,0.19,0.182,0.174,0.114,0.12,0.13,0.106,0.127,0.135,0.144,0.139,0.131,0.119,0.233,0.22,0.211,0.202,0.193,0.201,0.228,0.186,0.189,0.169,0.133,0.132,0.135,0.13,0.138,0.119,0.145,0.126,0.131,0.115,0.224,0.166,0.158,0.141,0.125,0.214,0.171,0.148,0.136,0.142,0.139,0.088,0.09,0.085,0.084,0.158,0.109,0.101,0.09,0.092,0.212,0.195,0.182,0.155,0.15,0.187,0.191,0.17,0.162,0.148,0.123,0.111,0.107,0.101,0.103,0.114,0.123,0.111,0.112,0.096,0.23,0.213,0.179,0.192,0.183,0.231,0.222,0.226,0.214,0.208,0.138,0.144,0.119,0.127,0.128,0.157,0.146,0.157,0.154,0.14
200,0.248,0.243,0.209,0.207,0.207,0.25,0.253,0.22,0.209,0.215,0.143,0.163,0.14,0.13,0.143,0.165,0.165,0.151,0.138,0.143,0.258,0.248,0.227,0.218,0.211,0.245,0.254,0.238,0.229,0.219,0.148,0.151,0.162,0.134,0.154,0.169,0.18,0.173,0.163,0.149,0.281,0.275,0.262,0.249,0.236,0.253,0.281,0.235,0.236,0.21,0.165,0.164,0.168,0.158,0.17,0.149,0.179,0.156,0.161,0.145,0.282,0.192,0.18,0.157,0.138,0.269,0.193,0.17,0.154,0.162,0.17,0.099,0.103,0.097,0.096,0.195,0.126,0.115,0.103,0.103,0.27,0.236,0.212,0.184,0.175,0.233,0.221,0.203,0.193,0.176,0.155,0.134,0.127,0.122,0.124,0.147,0.146,0.134,0.135,0.115,0.293,0.27,0.231,0.246,0.233,0.286,0.277,0.28,0.271,0.258,0.173,0.181,0.155,0.162,0.163,0.189,0.179,0.19,0.188,0.171
220,0.309,0.3,0.256,0.255,0.253,0.311,0.306,0.269,0.258,0.263,0.183,0.201,0.171,0.163,0.175,0.204,0.2,0.186,0.17,0.177,0.318,0.31,0.287,0.268,0.264,0.304,0.314,0.295,0.284,0.271,0.184,0.189,0.198,0.166,0.19,0.209,0.218,0.211,0.201,0.183,0.345,0.345,0.32,0.304,0.286,0.31,0.344,0.291,0.284,0.262,0.203,0.204,0.207,0.194,0.207,0.188,0.216,0.189,0.196,0.182,0.349,0.219,0.205,0.178,0.153,0.326,0.22,0.192,0.172,0.18,0.205,0.114,0.119,0.109,0.108,0.239,0.143,0.132,0.119,0.12,0.333,0.277,0.254,0.212,0.207,0.291,0.259,0.24,0.228,0.204,0.193,0.16,0.152,0.147,0.148,0.186,0.172,0.158,0.161,0.139,0.364,0.339,0.293,0.306,0.293,0.352,0.342,0.346,0.337,0.319,0.216,0.222,0.196,0.2,0.205,0.227,0.214,0.234,0.227,0.205
240,0.389,0.372,0.317,0.312,0.313,0.388,0.376,0.329,0.32,0.324,0.224,0.243,0.21,0.199,0.211,0.248,0.237,0.224,0.206,0.214,0.393,0.389,0.356,0.333,0.322,0.382,0.388,0.363,0.353,0.335,0.222,0.229,0.243,0.201,0.227,0.257,0.265,0.258,0.24,0.223,0.423,0.426,0.393,0.374,0.346,0.38,0.424,0.36,0.352,0.326,0.246,0.25,0.251,0.237,0.248,0.231,0.259,0.232,0.236,0.219,0.435,0.253,0.227,0.201,0.177,0.409,0.253,0.219,0.197,0.203,0.247,0.135,0.133,0.124,0.122,0.289,0.16,0.149,0.132,0.131,0.417,0.324,0.293,0.25,0.242,0.365,0.302,0.281,0.263,0.24,0.237,0.187,0.178,0.172,0.172,0.229,0.197,0.188,0.185,0.164,0.455,0.431,0.37,0.38,0.366,0.431,0.423,0.422,0.423,0.389,0.264,0.273,0.242,0.243,0.253,0.274,0.263,0.278,0.274,0.247
260,0.487,0.463,0.392,0.381,0.381,0.479,0.458,0.406,0.39,0.398,0.278,0.295,0.258,0.243,0.253,0.303,0.286,0.271,0.25,0.26,0.493,0.486,0.44,0.413,0.396,0.471,0.485,0.452,0.436,0.417,0.277,0.283,0.293,0.247,0.276,0.313,0.323,0.311,0.293,0.271,0.524,0.523,0.488,0.463,0.431,0.475,0.527,0.449,0.442,0.408,0.298,0.306,0.303,0.289,0.297,0.287,0.315,0.285,0.286,0.268,0.538,0.292,0.253,0.228,0.198,0.505,0.288,0.248,0.22,0.228,0.296,0.152,0.149,0.14,0.139,0.35,0.182,0.167,0.15,0.148,0.521,0.375,0.339,0.29,0.284,0.458,0.351,0.326,0.307,0.281,0.291,0.221,0.208,0.202,0.202,0.287,0.232,0.219,0.215,0.191,0.557,0.538,0.464,0.48,0.457,0.532,0.526,0.522,0.522,0.475,0.324,0.336,0.301,0.305,0.322,0.329,0.316,0.34,0.33,0.3
280,0.594,0.559,0.474,0.461,0.461,0.588,0.556,0.486,0.462,0.48,0.335,0.352,0.31,0.289,0.305,0.364,0.339,0.323,0.298,0.307,0.598,0.595,0.541,0.507,0.489,0.576,0.596,0.553,0.538,0.511,0.331,0.344,0.352,0.303,0.33,0.378,0.388,0.375,0.352,0.329,0.63,0.633,0.589,0.561,0.529,0.579,0.643,0.55,0.539,0.503,0.362,0.366,0.365,0.349,0.354,0.35,0.378,0.342,0.342,0.325,0.651,0.326,0.28,0.254,0.219,0.613,0.323,0.273,0.247,0.254,0.354,0.175,0.166,0.155,0.153,0.411,0.205,0.186,0.164,0.165,0.624,0.435,0.39,0.338,0.333,0.557,0.41,0.378,0.36,0.332,0.347,0.261,0.241,0.232,0.231,0.346,0.267,0.256,0.25,0.222,0.675,0.649,0.574,0.587,0.566,0.639,0.64,0.628,0.632,0.574,0.385,0.399,0.366,0.367,0.377,0.39,0.377,0.399,0.391,0.358
300,0.716,0.669,0.566,0.546,0.549,0.709,0.663,0.584,0.553,0.567,0.4,0.415,0.363,0.342,0.357,0.425,0.396,0.377,0.349,0.361,0.723,0.721,0.655,0.609,0.596,0.7,0.721,0.667,0.654,0.619,0.395,0.41,0.419,0.358,0.389,0.444,0.452,0.438,0.413,0.39,0.754,0.765,0.717,0.679,0.642,0.7,0.778,0.669,0.655,0.608,0.422,0.432,0.43,0.41,0.417,0.413,0.442,0.406,0.404,0.385,0.774,0.37,0.309,0.282,0.244,0.74,0.365,0.306,0.272,0.276,0.416,0.197,0.184,0.171,0.166,0.48,0.227,0.204,0.182,0.179,0.754,0.504,0.444,0.391,0.385,0.675,0.48,0.432,0.414,0.382,0.412,0.304,0.276,0.267,0.266,0.41,0.306,0.295,0.284,0.256,0.804,0.782,0.699,0.713,0.682,0.761,0.769,0.752,0.764,0.689,0.451,0.473,0.429,0.436,0.453,0.449,0.441,0.465,0.46,0.415
320,0.854,0.795,0.677,0.644,0.638,0.849,0.792,0.689,0.657,0.672,0.469,0.482,0.43,0.401,0.414,0.501,0.462,0.439,0.409,0.42,0.858,0.863,0.789,0.735,0.718,0.838,0.872,0.804,0.787,0.749,0.466,0.481,0.487,0.427,0.458,0.518,0.531,0.517,0.49,0.458,0.893,0.92,0.854,0.821,0.773,0.833,0.93,0.804,0.794,0.743,0.497,0.512,0.507,0.481,0.487,0.49,0.52,0.479,0.478,0.454,0.916,0.405,0.337,0.305,0.268,0.88,0.405,0.335,0.297,0.299,0.484,0.22,0.2,0.188,0.181,0.557,0.256,0.224,0.2,0.197,0.893,0.585,0.499,0.445,0.436,0.816,0.557,0.488,0.469,0.437,0.484,0.351,0.314,0.305,0.304,0.485,0.354,0.334,0.321,0.291,0.948,0.941,0.851,0.867,0.83,0.9,0.919,0.901,0.927,0.819,0.525,0.554,0.509,0.514,0.527,0.524,0.516,0.545,0.537,0.488
340,0.995,0.942,0.795,0.761,0.752,0.997,0.939,0.803,0.774,0.778,0.548,0.558,0.499,0.467,0.476,0.584,0.535,0.511,0.475,0.487,0.997,1.014,0.938,0.89,0.864,0.98,1.015,0.945,0.948,0.899,0.537,0.562,0.565,0.501,0.532,0.601,0.611,0.605,0.572,0.533,1.042,1.055,1.021,0.988,0.942,0.983,1.084,0.958,0.958,0.904,0.572,0.597,0.591,0.563,0.565,0.574,0.603,0.566,0.559,0.533,1.054,0.453,0.369,0.329,0.293,1.018,0.454,0.366,0.326,0.323,0.557,0.246,0.219,0.205,0.199,0.635,0.281,0.248,0.216,0.215,1.02,0.676,0.557,0.501,0.491,0.962,0.644,0.548,0.526,0.497,0.555,0.403,0.352,0.344,0.339,0.567,0.403,0.378,0.36,0.333,1.056,1.048,0.989,1.004,0.965,1.03,1.048,1.004,1.035,0.963,0.604,0.633,0.595,0.602,0.61,0.606,0.6,0.62,0.616,0.569
360,1.075,1.037,0.928,0.884,0.874,1.083,1.053,0.921,0.895,0.903,0.625,0.641,0.577,0.533,0.542,0.649,0.61,0.587,0.54,0.551,1.078,1.088,1.05,1.011,1,1.067,1.097,1.019,1.048,1.011,0.618,0.635,0.637,0.581,0.615,0.657,0.662,0.662,0.639,0.61,1.12,1.126,1.105,1.087,1.067,1.066,1.159,1.035,1.046,1.024,0.649,0.659,0.656,0.635,0.646,0.637,0.66,0.637,0.643,0.617,1.129,0.494,0.405,0.359,0.314,1.091,0.495,0.399,0.35,0.355,0.63,0.274,0.24,0.222,0.213,0.679,0.31,0.269,0.232,0.232,1.094,0.773,0.621,0.562,0.551,1.053,0.737,0.612,0.588,0.556,0.628,0.455,0.395,0.381,0.379,0.633,0.459,0.421,0.401,0.369,1.122,1.111,1.069,1.077,1.042,1.1,1.118,1.064,1.094,1.045,0.657,0.685,0.639,0.651,0.666,0.652,0.652,0.66,0.66,0.633
380,1.141,1.101,1.016,0.98,0.974,1.143,1.119,0.996,0.991,0.98,0.67,0.689,0.636,0.6,0.613,0.691,0.66,0.639,0.611,0.611,1.139,1.147,1.105,1.081,1.068,1.119,1.161,1.075,1.105,1.072,0.662,0.682,0.675,0.638,0.665,0.693,0.698,0.699,0.674,0.654,1.18,1.183,1.167,1.149,1.133,1.125,1.226,1.095,1.109,1.084,0.693,0.699,0.693,0.679,0.686,0.681,0.697,0.672,0.687,0.66,1.193,0.545,0.433,0.386,0.337,1.152,0.542,0.432,0.381,0.38,0.671,0.303,0.263,0.242,0.229,0.717,0.34,0.291,0.251,0.249,1.16,0.863,0.693,0.619,0.61,1.117,0.837,0.683,0.653,0.62,0.67,0.515,0.438,0.423,0.422,0.671,0.515,0.469,0.443,0.408,1.175,1.171,1.131,1.136,1.098,1.153,1.175,1.113,1.15,1.101,0.699,0.723,0.68,0.685,0.693,0.693,0.69,0.692,0.697,0.67
400,1.184,1.143,1.073,1.042,1.024,1.193,1.171,1.038,1.038,1.03,0.704,0.727,0.678,0.645,0.651,0.723,0.694,0.675,0.655,0.654,1.182,1.198,1.161,1.134,1.122,1.176,1.209,1.121,1.16,1.117,0.699,0.719,0.707,0.673,0.697,0.726,0.727,0.729,0.702,0.681,1.232,1.23,1.22,1.202,1.192,1.174,1.274,1.145,1.156,1.13,0.727,0.73,0.724,0.715,0.725,0.715,0.732,0.707,0.72,0.692,1.23,0.595,0.473,0.416,0.363,1.189,0.598,0.468,0.409,0.407,0.707,0.329,0.284,0.267,0.246,0.738,0.37,0.316,0.271,0.265,1.199,0.966,0.762,0.679,0.668,1.167,0.943,0.751,0.721,0.683,0.703,0.574,0.488,0.464,0.458,0.707,0.573,0.514,0.487,0.448,1.208,1.205,1.178,1.183,1.145,1.199,1.222,1.153,1.193,1.144,0.729,0.752,0.707,0.713,0.72,0.72,0.72,0.717,0.722,0.701
420,1.223,1.18,1.12,1.082,1.07,1.235,1.216,1.076,1.082,1.066,0.734,0.753,0.706,0.676,0.679,0.749,0.724,0.698,0.683,0.677,1.211,1.227,1.203,1.177,1.169,1.213,1.247,1.159,1.197,1.156,0.727,0.744,0.73,0.7,0.725,0.746,0.746,0.753,0.734,0.712,1.264,1.26,1.259,1.251,1.239,1.212,1.313,1.18,1.198,1.17,0.754,0.756,0.749,0.739,0.748,0.743,0.756,0.732,0.748,0.718,1.258,0.648,0.508,0.445,0.392,1.225,0.656,0.508,0.442,0.438,0.733,0.361,0.308,0.285,0.265,0.764,0.402,0.34,0.291,0.283,1.228,1.034,0.832,0.734,0.721,1.203,1.024,0.814,0.78,0.74,0.731,0.631,0.532,0.505,0.497,0.737,0.627,0.562,0.527,0.488,1.228,1.232,1.212,1.225,1.186,1.229,1.257,1.182,1.222,1.179,0.751,0.775,0.731,0.739,0.742,0.74,0.746,0.736,0.744,0.725
440,1.239,1.203,1.148,1.117,1.103,1.262,1.238,1.105,1.109,1.093,0.753,0.779,0.725,0.696,0.703,0.771,0.743,0.718,0.706,0.699,1.228,1.254,1.227,1.211,1.199,1.226,1.277,1.183,1.228,1.193,0.747,0.766,0.753,0.725,0.741,0.768,0.763,0.771,0.75,0.728,1.277,1.28,1.286,1.277,1.268,1.236,1.341,1.211,1.229,1.206,0.773,0.774,0.767,0.761,0.768,0.762,0.774,0.754,0.77,0.739,1.266,0.703,0.549,0.477,0.418,1.238,0.713,0.548,0.473,0.467,0.753,0.396,0.333,0.305,0.284,0.777,0.435,0.367,0.312,0.301,1.243,1.073,0.893,0.794,0.771,1.234,1.072,0.862,0.838,0.791,0.751,0.674,0.574,0.548,0.536,0.752,0.663,0.604,0.568,0.523,1.234,1.249,1.235,1.243,1.221,1.24,1.272,1.191,1.247,1.208,0.767,0.789,0.751,0.755,0.763,0.756,0.764,0.75,0.761,0.744
460,1.24,1.203,1.161,1.126,1.115,1.264,1.248,1.117,1.123,1.102,0.775,0.797,0.743,0.711,0.719,0.782,0.755,0.729,0.724,0.711,1.222,1.25,1.24,1.227,1.224,1.249,1.282,1.187,1.245,1.208,0.769,0.78,0.766,0.745,0.762,0.781,0.78,0.787,0.763,0.744,1.28,1.277,1.296,1.29,1.294,1.237,1.346,1.218,1.242,1.231,0.792,0.79,0.78,0.776,0.784,0.776,0.792,0.768,0.79,0.757,1.267,0.763,0.592,0.506,0.445,1.249,0.775,0.587,0.508,0.497,0.764,0.433,0.36,0.324,0.303,0.781,0.474,0.395,0.333,0.322,1.241,1.091,0.94,0.833,0.805,1.236,1.101,0.901,0.878,0.83,0.764,0.694,0.619,0.583,0.568,0.769,0.687,0.639,0.602,0.557,1.231,1.241,1.235,1.25,1.227,1.237,1.273,1.188,1.252,1.22,0.778,0.803,0.763,0.766,0.773,0.768,0.775,0.763,0.771,0.76
480,1.236,1.2,1.163,1.136,1.12,1.264,1.252,1.11,1.127,1.104,0.782,0.809,0.755,0.728,0.733,0.793,0.764,0.74,0.734,0.722,1.225,1.252,1.242,1.237,1.236,1.248,1.279,1.193,1.248,1.213,0.779,0.793,0.771,0.755,0.771,0.786,0.785,0.796,0.774,0.76,1.275,1.272,1.289,1.296,1.304,1.242,1.349,1.216,1.243,1.242,0.801,0.799,0.792,0.786,0.795,0.786,0.798,0.785,0.804,0.769,1.264,0.822,0.639,0.545,0.473,1.244,0.84,0.633,0.552,0.53,0.775,0.467,0.388,0.349,0.323,0.786,0.513,0.423,0.36,0.347,1.238,1.102,0.972,0.869,0.832,1.239,1.115,0.929,0.91,0.863,0.774,0.708,0.644,0.611,0.593,0.777,0.702,0.659,0.633,0.584,1.233,1.237,1.235,1.253,1.237,1.236,1.273,1.188,1.251,1.232,0.784,0.805,0.764,0.776,0.78,0.773,0.782,0.769,0.779,0.771
500,1.244,1.202,1.165,1.13,1.122,1.264,1.245,1.111,1.127,1.105,0.782,0.809,0.76,0.734,0.741,0.794,0.771,0.747,0.744,0.729,1.227,1.246,1.23,1.239,1.238,1.244,1.28,1.187,1.244,1.215,0.781,0.8,0.774,0.764,0.782,0.785,0.786,0.798,0.776,0.764,1.273,1.27,1.292,1.29,1.305,1.237,1.344,1.214,1.241,1.24,0.807,0.793,0.793,0.789,0.802,0.786,0.801,0.783,0.81,0.776,1.267,0.876,0.687,0.578,0.501,1.245,0.898,0.683,0.592,0.558,0.776,0.502,0.418,0.373,0.343,0.784,0.54,0.454,0.384,0.364,1.24,1.095,0.997,0.889,0.846,1.233,1.121,0.941,0.927,0.883,0.775,0.72,0.662,0.63,0.612,0.774,0.715,0.671,0.649,0.603,1.233,1.236,1.234,1.248,1.237,1.234,1.27,1.183,1.246,1.225,0.778,0.803,0.764,0.777,0.788,0.768,0.782,0.765,0.778,0.772
520,1.237,1.202,1.159,1.126,1.115,1.257,1.245,1.111,1.129,1.098,0.779,0.802,0.755,0.735,0.735,0.791,0.765,0.741,0.743,0.727,1.222,1.25,1.23,1.234,1.23,1.24,1.274,1.185,1.241,1.213,0.775,0.788,0.77,0.764,0.779,0.776,0.778,0.789,0.775,0.759,1.272,1.271,1.29,1.29,1.303,1.238,1.344,1.21,1.236,1.235,0.802,0.789,0.792,0.789,0.803,0.784,0.797,0.783,0.806,0.774,1.269,0.928,0.734,0.616,0.532,1.247,0.963,0.728,0.63,0.595,0.773,0.541,0.451,0.401,0.366,0.779,0.578,0.483,0.407,0.386,1.235,1.099,0.988,0.89,0.845,1.231,1.121,0.929,0.923,0.874,0.768,0.727,0.672,0.641,0.619,0.771,0.722,0.68,0.659,0.613,1.23,1.237,1.242,1.245,1.234,1.236,1.265,1.184,1.244,1.221,0.773,0.793,0.754,0.771,0.781,0.76,0.78,0.759,0.773,0.772
540,1.238,1.202,1.16,1.129,1.115,1.257,1.248,1.111,1.126,1.104,0.77,0.794,0.747,0.725,0.732,0.781,0.762,0.734,0.735,0.719,1.224,1.249,1.238,1.231,1.229,1.24,1.277,1.187,1.245,1.214,0.77,0.782,0.762,0.761,0.772,0.771,0.77,0.785,0.769,0.754,1.267,1.272,1.288,1.289,1.299,1.242,1.349,1.212,1.234,1.228,0.791,0.786,0.782,0.784,0.796,0.777,0.785,0.771,0.803,0.768,1.262,0.972,0.782,0.648,0.563,1.252,1.005,0.776,0.674,0.633,0.767,0.577,0.479,0.426,0.39,0.773,0.604,0.512,0.433,0.406,1.236,1.093,0.981,0.886,0.837,1.238,1.116,0.922,0.914,0.871,0.762,0.723,0.674,0.646,0.622,0.766,0.72,0.67,0.656,0.619,1.23,1.236,1.235,1.251,1.228,1.235,1.264,1.185,1.244,1.22,0.763,0.786,0.749,0.765,0.77,0.754,0.768,0.754,0.761,0.767
560,1.242,1.201,1.166,1.133,1.115,1.258,1.251,1.113,1.135,1.107,0.765,0.789,0.742,0.722,0.724,0.774,0.754,0.726,0.728,0.715,1.223,1.247,1.239,1.237,1.229,1.237,1.286,1.193,1.251,1.215,0.764,0.775,0.759,0.756,0.769,0.764,0.765,0.779,0.765,0.751,1.272,1.268,1.293,1.293,1.298,1.24,1.353,1.21,1.242,1.231,0.787,0.779,0.774,0.778,0.789,0.771,0.784,0.769,0.793,0.762,1.267,1,0.835,0.688,0.593,1.259,1.034,0.819,0.719,0.671,0.761,0.608,0.516,0.455,0.413,0.769,0.631,0.545,0.46,0.43,1.233,1.081,0.974,0.874,0.822,1.237,1.117,0.913,0.909,0.859,0.759,0.716,0.666,0.647,0.622,0.76,0.715,0.664,0.651,0.616,1.22,1.237,1.232,1.248,1.24,1.229,1.27,1.187,1.249,1.221,0.759,0.785,0.747,0.761,0.767,0.75,0.765,0.749,0.76,0.759
580,1.239,1.203,1.166,1.133,1.129,1.264,1.26,1.121,1.131,1.111,0.761,0.785,0.735,0.718,0.72,0.77,0.751,0.728,0.726,0.713,1.232,1.251,1.241,1.24,1.239,1.239,1.287,1.197,1.252,1.225,0.76,0.773,0.758,0.75,0.763,0.764,0.766,0.777,0.763,0.748,1.268,1.28,1.305,1.307,1.306,1.24,1.358,1.218,1.249,1.242,0.786,0.781,0.774,0.774,0.79,0.771,0.778,0.765,0.789,0.762,1.271,1.021,0.891,0.729,0.631,1.254,1.05,0.865,0.767,0.707,0.756,0.636,0.545,0.486,0.438,0.768,0.648,0.572,0.488,0.452,1.235,1.077,0.969,0.865,0.814,1.245,1.114,0.906,0.903,0.85,0.753,0.708,0.659,0.633,0.609,0.758,0.709,0.655,0.642,0.605,1.227,1.241,1.244,1.259,1.237,1.24,1.275,1.197,1.26,1.226,0.758,0.781,0.748,0.759,0.766,0.747,0.756,0.746,0.759,0.759
600,1.235,1.199,1.164,1.132,1.126,1.257,1.256,1.12,1.137,1.107,0.761,0.782,0.738,0.712,0.722,0.765,0.747,0.726,0.724,0.714,1.218,1.249,1.237,1.241,1.243,1.243,1.284,1.196,1.262,1.228,0.753,0.766,0.756,0.746,0.763,0.758,0.767,0.78,0.763,0.748,1.269,1.27,1.301,1.302,1.314,1.239,1.355,1.223,1.248,1.245,0.781,0.778,0.771,0.773,0.788,0.769,0.775,0.764,0.786,0.759,1.26,1.033,0.933,0.766,0.665,1.253,1.06,0.894,0.814,0.736,0.757,0.647,0.58,0.511,0.462,0.764,0.656,0.596,0.515,0.473,1.227,1.072,0.957,0.856,0.81,1.24,1.109,0.894,0.894,0.843,0.75,0.703,0.645,0.621,0.601,0.759,0.7,0.649,0.633,0.594,1.22,1.236,1.236,1.262,1.248,1.228,1.279,1.196,1.263,1.23,0.753,0.783,0.745,0.761,0.768,0.745,0.757,0.748,0.762,0.759
620,1.233,1.197,1.158,1.128,1.123,1.26,1.252,1.112,1.132,1.111,0.756,0.779,0.73,0.709,0.721,0.763,0.743,0.723,0.722,0.707,1.218,1.25,1.238,1.242,1.242,1.242,1.284,1.199,1.261,1.232,0.748,0.769,0.752,0.745,0.761,0.757,0.766,0.778,0.761,0.747,1.265,1.271,1.303,1.304,1.316,1.235,1.357,1.221,1.254,1.248,0.779,0.773,0.772,0.771,0.787,0.765,0.776,0.761,0.788,0.759,1.261,1.047,0.973,0.799,0.698,1.252,1.075,0.917,0.86,0.775,0.752,0.66,0.602,0.539,0.484,0.763,0.658,0.61,0.541,0.495,1.229,1.066,0.944,0.847,0.801,1.229,1.099,0.882,0.888,0.837,0.748,0.694,0.636,0.614,0.592,0.752,0.694,0.639,0.622,0.587,1.218,1.235,1.234,1.261,1.241,1.231,1.272,1.196,1.263,1.24,0.75,0.779,0.746,0.758,0.767,0.744,0.757,0.747,0.757,0.757
640,1.224,1.197,1.152,1.125,1.115,1.25,1.244,1.108,1.128,1.105,0.758,0.777,0.734,0.709,0.723,0.768,0.744,0.727,0.722,0.71,1.21,1.253,1.234,1.242,1.247,1.238,1.281,1.198,1.262,1.228,0.751,0.769,0.758,0.745,0.764,0.756,0.767,0.781,0.765,0.751,1.257,1.261,1.302,1.306,1.319,1.23,1.358,1.224,1.254,1.248,0.778,0.775,0.774,0.771,0.785,0.763,0.776,0.759,0.786,0.76,1.254,1.05,0.999,0.828,0.73,1.25,1.079,0.928,0.9,0.802,0.75,0.663,0.626,0.566,0.509,0.765,0.665,0.626,0.565,0.519,1.226,1.058,0.937,0.844,0.8,1.228,1.091,0.875,0.885,0.84,0.752,0.691,0.637,0.61,0.594,0.753,0.691,0.635,0.622,0.587,1.213,1.233,1.233,1.26,1.244,1.226,1.265,1.193,1.264,1.241,0.749,0.781,0.746,0.757,0.771,0.741,0.757,0.748,0.761,0.76
660,1.222,1.192,1.152,1.124,1.114,1.251,1.242,1.108,1.125,1.105,0.752,0.775,0.734,0.71,0.721,0.768,0.745,0.725,0.724,0.713,1.205,1.241,1.231,1.238,1.248,1.23,1.285,1.191,1.261,1.231,0.755,0.768,0.756,0.744,0.766,0.756,0.766,0.778,0.763,0.752,1.252,1.257,1.306,1.303,1.324,1.224,1.352,1.219,1.255,1.254,0.775,0.773,0.773,0.775,0.787,0.761,0.773,0.762,0.786,0.761,1.249,1.051,1.017,0.856,0.759,1.242,1.084,0.946,0.936,0.835,0.749,0.661,0.637,0.585,0.534,0.762,0.665,0.638,0.584,0.539,1.218,1.052,0.935,0.85,0.803,1.222,1.084,0.875,0.887,0.846,0.746,0.688,0.627,0.605,0.593,0.754,0.688,0.632,0.619,0.589,1.207,1.231,1.233,1.259,1.243,1.216,1.271,1.189,1.263,1.234,0.749,0.776,0.746,0.761,0.768,0.742,0.753,0.751,0.763,0.761
680,1.219,1.191,1.147,1.122,1.113,1.244,1.243,1.102,1.126,1.103,0.749,0.775,0.732,0.71,0.718,0.765,0.747,0.725,0.722,0.707,1.198,1.24,1.223,1.242,1.248,1.228,1.28,1.198,1.26,1.231,0.751,0.766,0.755,0.744,0.764,0.757,0.763,0.78,0.763,0.75,1.254,1.256,1.295,1.3,1.324,1.222,1.349,1.217,1.255,1.256,0.779,0.772,0.773,0.772,0.79,0.759,0.772,0.763,0.79,0.763,1.249,1.045,1.035,0.879,0.788,1.242,1.084,0.955,0.959,0.853,0.748,0.663,0.643,0.605,0.56,0.764,0.668,0.641,0.604,0.554,1.213,1.043,0.929,0.853,0.812,1.216,1.081,0.876,0.894,0.85,0.743,0.687,0.623,0.602,0.596,0.752,0.684,0.628,0.615,0.59,1.206,1.227,1.23,1.258,1.246,1.215,1.266,1.186,1.262,1.24,0.746,0.774,0.745,0.759,0.767,0.739,0.759,0.745,0.764,0.76
700,1.22,1.186,1.146,1.118,1.106,1.243,1.238,1.099,1.126,1.096,0.75,0.774,0.725,0.708,0.718,0.761,0.74,0.72,0.719,0.708,1.2,1.237,1.221,1.239,1.246,1.224,1.281,1.19,1.256,1.239,0.746,0.766,0.753,0.744,0.758,0.753,0.763,0.778,0.763,0.75,1.246,1.248,1.285,1.299,1.322,1.22,1.351,1.213,1.252,1.253,0.771,0.771,0.772,0.772,0.79,0.759,0.775,0.762,0.784,0.758,1.244,1.04,1.046,0.894,0.808,1.229,1.084,0.96,0.97,0.872,0.749,0.664,0.647,0.617,0.574,0.756,0.67,0.643,0.611,0.566,1.207,1.039,0.943,0.861,0.818,1.216,1.073,0.881,0.899,0.858,0.74,0.68,0.625,0.606,0.602,0.749,0.681,0.622,0.617,0.597,1.201,1.227,1.229,1.257,1.241,1.211,1.256,1.188,1.259,1.248,0.743,0.775,0.744,0.759,0.775,0.738,0.751,0.747,0.757,0.759
720,1.216,1.186,1.14,1.114,1.104,1.238,1.238,1.1,1.121,1.097,0.746,0.771,0.727,0.703,0.718,0.762,0.739,0.72,0.72,0.706,1.199,1.232,1.224,1.239,1.246,1.214,1.277,1.191,1.261,1.233,0.746,0.765,0.746,0.744,0.767,0.748,0.763,0.776,0.762,0.751,1.247,1.253,1.295,1.297,1.321,1.217,1.35,1.216,1.248,1.254,0.773,0.772,0.771,0.767,0.788,0.76,0.77,0.762,0.785,0.763,1.241,1.034,1.055,0.905,0.824,1.223,1.075,0.965,0.986,0.882,0.749,0.659,0.65,0.626,0.592,0.757,0.666,0.65,0.62,0.582,1.205,1.034,0.948,0.865,0.821,1.209,1.065,0.886,0.908,0.866,0.741,0.68,0.62,0.608,0.603,0.749,0.677,0.62,0.619,0.599,1.202,1.223,1.224,1.258,1.24,1.209,1.264,1.184,1.258,1.237,0.74,0.777,0.742,0.756,0.77,0.737,0.75,0.746,0.76,0.761
740,1.211,1.177,1.135,1.114,1.097,1.233,1.235,1.097,1.112,1.094,0.753,0.772,0.73,0.706,0.712,0.759,0.74,0.721,0.718,0.705,1.197,1.229,1.217,1.234,1.239,1.218,1.271,1.187,1.255,1.232,0.744,0.762,0.751,0.742,0.761,0.75,0.763,0.777,0.763,0.751,1.243,1.247,1.289,1.297,1.317,1.207,1.346,1.22,1.255,1.253,0.768,0.771,0.773,0.768,0.788,0.761,0.77,0.763,0.786,0.763,1.237,1.028,1.058,0.92,0.841,1.224,1.069,0.972,0.999,0.897,0.748,0.656,0.65,0.629,0.605,0.759,0.662,0.651,0.622,0.587,1.2,1.025,0.953,0.869,0.828,1.211,1.059,0.89,0.915,0.875,0.739,0.678,0.62,0.617,0.609,0.748,0.674,0.625,0.625,0.605,1.197,1.219,1.226,1.258,1.236,1.205,1.257,1.182,1.258,1.237,0.741,0.776,0.742,0.762,0.765,0.735,0.755,0.747,0.762,0.759
760,1.213,1.181,1.135,1.112,1.1,1.241,1.234,1.094,1.121,1.095,0.749,0.775,0.723,0.705,0.713,0.757,0.736,0.72,0.717,0.706,1.192,1.233,1.229,1.235,1.245,1.22,1.271,1.196,1.261,1.228,0.746,0.762,0.749,0.74,0.762,0.748,0.758,0.776,0.762,0.749,1.241,1.251,1.286,1.295,1.322,1.215,1.349,1.215,1.248,1.256,0.769,0.768,0.77,0.772,0.785,0.759,0.77,0.758,0.788,0.758,1.242,1.03,1.065,0.928,0.851,1.232,1.066,0.97,1.012,0.91,0.742,0.659,0.654,0.631,0.609,0.758,0.66,0.654,0.626,0.589,1.207,1.025,0.961,0.883,0.842,1.209,1.054,0.897,0.921,0.883,0.736,0.674,0.625,0.62,0.615,0.75,0.675,0.626,0.63,0.611,1.199,1.221,1.23,1.256,1.241,1.208,1.263,1.185,1.261,1.248,0.74,0.772,0.742,0.759,0.766,0.731,0.754,0.746,0.76,0.76
780,1.214,1.178,1.133,1.103,1.094,1.234,1.236,1.096,1.118,1.092,0.746,0.771,0.727,0.704,0.71,0.757,0.738,0.718,0.717,0.702,1.193,1.231,1.217,1.237,1.236,1.216,1.275,1.191,1.26,1.237,0.741,0.76,0.746,0.741,0.761,0.745,0.76,0.776,0.761,0.748,1.24,1.248,1.285,1.292,1.324,1.213,1.353,1.217,1.249,1.261,0.768,0.767,0.769,0.768,0.786,0.758,0.771,0.758,0.784,0.76,1.234,1.026,1.061,0.933,0.862,1.217,1.067,0.971,1.02,0.919,0.741,0.653,0.655,0.631,0.613,0.754,0.659,0.655,0.633,0.593,1.199,1.02,0.969,0.89,0.84,1.212,1.052,0.909,0.932,0.889,0.739,0.673,0.626,0.623,0.62,0.75,0.668,0.629,0.634,0.612,1.188,1.217,1.225,1.252,1.244,1.206,1.26,1.183,1.26,1.249,0.741,0.776,0.739,0.758,0.765,0.731,0.751,0.746,0.759,0.757
800,1.21,1.176,1.129,1.106,1.093,1.237,1.229,1.091,1.113,1.089,0.749,0.766,0.722,0.703,0.709,0.755,0.74,0.716,0.713,0.703,1.189,1.228,1.211,1.226,1.237,1.216,1.266,1.187,1.255,1.232,0.741,0.763,0.749,0.741,0.758,0.748,0.76,0.776,0.76,0.749,1.237,1.245,1.286,1.29,1.326,1.209,1.346,1.206,1.245,1.262,0.767,0.767,0.77,0.765,0.785,0.754,0.769,0.756,0.78,0.758,1.228,1.022,1.063,0.935,0.87,1.219,1.065,0.968,1.024,0.931,0.741,0.653,0.653,0.636,0.616,0.755,0.656,0.657,0.636,0.594,1.203,1.017,0.979,0.891,0.849,1.207,1.047,0.913,0.939,0.896,0.736,0.668,0.626,0.628,0.62,0.745,0.666,0.631,0.639,0.616,1.191,1.217,1.221,1.244,1.249,1.201,1.253,1.184,1.262,1.252,0.74,0.772,0.738,0.756,0.77,0.734,0.748,0.744,0.757,0.76
820,1.208,1.172,1.127,1.098,1.092,1.23,1.231,1.086,1.112,1.088,0.743,0.766,0.721,0.7,0.707,0.752,0.736,0.714,0.713,0.7,1.187,1.224,1.207,1.225,1.242,1.211,1.271,1.185,1.252,1.231,0.741,0.758,0.745,0.743,0.757,0.744,0.757,0.772,0.759,0.745,1.239,1.239,1.284,1.293,1.324,1.205,1.336,1.203,1.248,1.264,0.764,0.763,0.768,0.764,0.781,0.755,0.768,0.759,0.78,0.755,1.221,1.018,1.056,0.941,0.873,1.218,1.058,0.967,1.023,0.929,0.739,0.648,0.651,0.631,0.62,0.752,0.654,0.654,0.634,0.598,1.197,1.022,0.986,0.9,0.859,1.205,1.045,0.919,0.943,0.902,0.734,0.663,0.634,0.63,0.626,0.745,0.662,0.635,0.642,0.618,1.188,1.212,1.217,1.256,1.246,1.197,1.254,1.183,1.265,1.249,0.734,0.768,0.739,0.756,0.765,0.732,0.744,0.741,0.756,0.756
840,1.203,1.17,1.118,1.09,1.091,1.23,1.225,1.085,1.105,1.08,0.743,0.768,0.72,0.7,0.705,0.753,0.735,0.712,0.711,0.702,1.185,1.223,1.204,1.228,1.24,1.211,1.267,1.188,1.253,1.232,0.741,0.757,0.745,0.739,0.757,0.745,0.754,0.775,0.76,0.744,1.233,1.239,1.273,1.296,1.316,1.201,1.338,1.212,1.251,1.254,0.766,0.767,0.764,0.766,0.783,0.754,0.766,0.756,0.781,0.757,1.224,1.016,1.053,0.934,0.873,1.212,1.054,0.96,1.022,0.929,0.736,0.647,0.65,0.637,0.619,0.748,0.652,0.649,0.636,0.599,1.194,1.022,0.989,0.906,0.862,1.201,1.046,0.925,0.95,0.91,0.733,0.664,0.638,0.63,0.632,0.742,0.66,0.641,0.643,0.622,1.184,1.205,1.21,1.254,1.242,1.196,1.251,1.177,1.26,1.249,0.734,0.772,0.735,0.753,0.769,0.732,0.748,0.741,0.752,0.757
860,1.198,1.165,1.117,1.096,1.087,1.23,1.222,1.081,1.097,1.087,0.743,0.764,0.718,0.699,0.705,0.75,0.737,0.714,0.712,0.697,1.182,1.222,1.205,1.224,1.239,1.203,1.269,1.183,1.253,1.231,0.74,0.755,0.746,0.735,0.757,0.742,0.754,0.772,0.755,0.742,1.231,1.234,1.281,1.288,1.322,1.198,1.337,1.207,1.249,1.258,0.763,0.765,0.766,0.766,0.784,0.753,0.767,0.756,0.782,0.751,1.219,1.018,1.051,0.941,0.877,1.21,1.053,0.96,1.021,0.927,0.733,0.644,0.648,0.63,0.621,0.746,0.65,0.647,0.638,0.598,1.192,1.026,0.997,0.912,0.87,1.196,1.045,0.928,0.96,0.919,0.733,0.664,0.644,0.638,0.635,0.743,0.663,0.645,0.65,0.628,1.181,1.211,1.219,1.252,1.237,1.193,1.253,1.184,1.26,1.247,0.735,0.768,0.734,0.754,0.764,0.728,0.745,0.74,0.755,0.753
880,1.201,1.17,1.119,1.095,1.082,1.22,1.216,1.088,1.101,1.08,0.741,0.762,0.715,0.697,0.701,0.749,0.732,0.712,0.706,0.697,1.175,1.223,1.203,1.225,1.231,1.2,1.262,1.186,1.251,1.23,0.736,0.751,0.743,0.735,0.753,0.743,0.752,0.77,0.755,0.743,1.222,1.232,1.274,1.286,1.321,1.194,1.332,1.205,1.254,1.258,0.759,0.764,0.765,0.763,0.783,0.751,0.764,0.756,0.778,0.756,1.22,1.021,1.05,0.941,0.877,1.2,1.052,0.962,1.017,0.928,0.732,0.641,0.642,0.631,0.62,0.744,0.649,0.649,0.636,0.599,1.187,1.02,1,0.917,0.874,1.192,1.042,0.932,0.963,0.923,0.726,0.661,0.644,0.643,0.639,0.739,0.658,0.649,0.655,0.635,1.183,1.208,1.215,1.249,1.242,1.188,1.249,1.179,1.255,1.246,0.731,0.77,0.735,0.755,0.763,0.728,0.744,0.743,0.753,0.754
900,1.195,1.165,1.112,1.085,1.082,1.22,1.218,1.08,1.1,1.078,0.741,0.763,0.713,0.697,0.703,0.748,0.731,0.71,0.703,0.693,1.178,1.217,1.201,1.224,1.235,1.199,1.264,1.181,1.252,1.221,0.734,0.752,0.745,0.73,0.756,0.742,0.753,0.768,0.755,0.742,1.227,1.231,1.278,1.28,1.321,1.192,1.328,1.207,1.245,1.252,0.763,0.766,0.766,0.764,0.783,0.75,0.766,0.754,0.776,0.755,1.215,1.023,1.044,0.938,0.877,1.199,1.05,0.955,1.014,0.926,0.731,0.641,0.646,0.634,0.624,0.744,0.65,0.648,0.636,0.603,1.186,1.023,0.999,0.929,0.888,1.191,1.04,0.938,0.976,0.928,0.73,0.67,0.65,0.646,0.644,0.74,0.659,0.653,0.659,0.636,1.178,1.204,1.22,1.252,1.238,1.195,1.252,1.177,1.256,1.24,0.731,0.767,0.731,0.752,0.763,0.725,0.741,0.739,0.753,0.753
920,1.193,1.158,1.115,1.086,1.076,1.224,1.213,1.075,1.097,1.073,0.74,0.76,0.713,0.689,0.699,0.746,0.724,0.706,0.701,0.694,1.173,1.213,1.198,1.217,1.236,1.199,1.262,1.176,1.247,1.227,0.731,0.75,0.738,0.733,0.753,0.739,0.75,0.767,0.751,0.745,1.228,1.224,1.266,1.282,1.325,1.191,1.332,1.203,1.244,1.258,0.759,0.762,0.761,0.762,0.78,0.746,0.762,0.751,0.778,0.749,1.215,1.029,1.047,0.944,0.878,1.192,1.053,0.959,1.014,0.931,0.728,0.64,0.64,0.627,0.623,0.739,0.646,0.646,0.632,0.599,1.188,1.019,1.012,0.933,0.892,1.189,1.041,0.946,0.974,0.937,0.727,0.668,0.654,0.65,0.646,0.736,0.657,0.657,0.66,0.641,1.176,1.204,1.21,1.245,1.245,1.187,1.242,1.171,1.256,1.238,0.726,0.763,0.731,0.751,0.759,0.724,0.736,0.735,0.749,0.753
940,1.189,1.156,1.111,1.083,1.073,1.218,1.21,1.077,1.089,1.073,0.737,0.755,0.715,0.694,0.7,0.746,0.729,0.707,0.702,0.695,1.17,1.215,1.19,1.217,1.226,1.181,1.258,1.178,1.245,1.228,0.728,0.746,0.736,0.732,0.749,0.734,0.748,0.766,0.754,0.741,1.222,1.226,1.266,1.279,1.32,1.189,1.324,1.201,1.241,1.257,0.756,0.757,0.761,0.762,0.777,0.742,0.759,0.752,0.775,0.75,1.211,1.036,1.046,0.946,0.88,1.197,1.051,0.962,1.014,0.93,0.729,0.64,0.64,0.627,0.62,0.742,0.643,0.642,0.631,0.6,1.181,1.014,1.015,0.936,0.895,1.187,1.042,0.949,0.98,0.947,0.725,0.668,0.652,0.652,0.651,0.734,0.66,0.657,0.662,0.642,1.174,1.203,1.204,1.243,1.237,1.184,1.245,1.172,1.251,1.236,0.728,0.762,0.731,0.748,0.76,0.719,0.739,0.739,0.751,0.749
960,1.185,1.156,1.104,1.08,1.071,1.216,1.211,1.072,1.089,1.068,0.736,0.757,0.71,0.69,0.699,0.743,0.722,0.706,0.7,0.695,1.17,1.21,1.186,1.216,1.23,1.178,1.254,1.172,1.243,1.223,0.727,0.748,0.739,0.734,0.748,0.732,0.746,0.762,0.751,0.738,1.218,1.225,1.266,1.28,1.323,1.187,1.326,1.199,1.239,1.258,0.755,0.754,0.758,0.76,0.775,0.742,0.759,0.749,0.773,0.745,1.209,1.033,1.057,0.95,0.886,1.194,1.051,0.964,1.009,0.932,0.726,0.646,0.642,0.625,0.618,0.739,0.646,0.644,0.628,0.6,1.183,1.015,1.023,0.948,0.904,1.181,1.038,0.955,0.988,0.949,0.72,0.663,0.656,0.656,0.655,0.735,0.659,0.664,0.67,0.648,1.171,1.198,1.202,1.238,1.239,1.184,1.239,1.167,1.25,1.235,0.727,0.76,0.73,0.748,0.758,0.723,0.737,0.731,0.748,0.747
980,1.188,1.15,1.107,1.077,1.076,1.211,1.203,1.064,1.09,1.067,0.733,0.753,0.708,0.688,0.696,0.741,0.723,0.703,0.699,0.687,1.174,1.211,1.186,1.209,1.225,1.183,1.252,1.17,1.237,1.223,0.727,0.748,0.735,0.733,0.746,0.733,0.746,0.761,0.748,0.733,1.219,1.221,1.266,1.28,1.321,1.184,1.323,1.2,1.245,1.256,0.756,0.756,0.756,0.756,0.772,0.74,0.756,0.747,0.77,0.745,1.208,1.03,1.063,0.958,0.89,1.196,1.046,0.957,1.019,0.935,0.721,0.647,0.639,0.626,0.62,0.738,0.645,0.644,0.627,0.602,1.179,1.018,1.031,0.951,0.909,1.178,1.035,0.958,0.996,0.956,0.723,0.665,0.66,0.66,0.658,0.731,0.661,0.663,0.673,0.652,1.172,1.195,1.203,1.24,1.236,1.183,1.238,1.16,1.252,1.233,0.724,0.76,0.725,0.745,0.756,0.718,0.734,0.732,0.745,0.748
1000,1.184,1.152,1.106,1.08,1.07,1.204,1.204,1.067,1.091,1.065,0.733,0.752,0.712,0.689,0.695,0.741,0.724,0.703,0.7,0.687,1.168,1.207,1.184,1.212,1.228,1.183,1.252,1.168,1.24,1.223,0.727,0.742,0.734,0.726,0.744,0.732,0.744,0.759,0.746,0.733,1.219,1.217,1.264,1.273,1.319,1.178,1.32,1.195,1.234,1.253,0.752,0.749,0.756,0.753,0.772,0.741,0.752,0.745,0.769,0.746,1.205,1.031,1.066,0.963,0.894,1.192,1.042,0.956,1.02,0.946,0.722,0.644,0.646,0.627,0.623,0.736,0.646,0.645,0.629,0.602,1.181,1.017,1.034,0.96,0.917,1.177,1.037,0.967,1.001,0.967,0.72,0.666,0.662,0.664,0.665,0.73,0.658,0.669,0.678,0.658,1.164,1.197,1.2,1.242,1.232,1.182,1.229,1.164,1.247,1.234,0.721,0.755,0.72,0.742,0.752,0.717,0.733,0.731,0.742,0.744
1020,1.186,1.146,1.107,1.078,1.071,1.208,1.204,1.068,1.085,1.067,0.731,0.751,0.704,0.685,0.693,0.74,0.722,0.701,0.697,0.688,1.164,1.208,1.184,1.209,1.228,1.175,1.252,1.17,1.24,1.221,0.73,0.742,0.729,0.727,0.743,0.729,0.74,0.757,0.743,0.733,1.213,1.218,1.262,1.278,1.326,1.18,1.324,1.197,1.238,1.253,0.75,0.753,0.756,0.753,0.771,0.736,0.751,0.743,0.769,0.744,1.207,1.026,1.065,0.971,0.899,1.187,1.039,0.954,1.02,0.953,0.722,0.644,0.644,0.631,0.624,0.732,0.646,0.649,0.629,0.606,1.176,1.017,1.046,0.968,0.922,1.173,1.035,0.972,1.012,0.976,0.72,0.665,0.669,0.667,0.669,0.732,0.657,0.673,0.678,0.66,1.164,1.194,1.199,1.237,1.234,1.176,1.233,1.162,1.242,1.235,0.721,0.756,0.72,0.742,0.751,0.715,0.73,0.728,0.744,0.743
1040,1.179,1.145,1.098,1.075,1.064,1.202,1.199,1.063,1.079,1.062,0.725,0.75,0.701,0.689,0.692,0.735,0.721,0.7,0.695,0.686,1.158,1.2,1.182,1.197,1.225,1.172,1.246,1.166,1.24,1.224,0.722,0.742,0.729,0.721,0.744,0.728,0.741,0.758,0.742,0.729,1.207,1.208,1.259,1.275,1.325,1.173,1.323,1.189,1.234,1.25,0.749,0.75,0.75,0.75,0.771,0.736,0.751,0.744,0.766,0.744,1.201,1.023,1.066,0.969,0.905,1.191,1.035,0.951,1.015,0.953,0.721,0.64,0.646,0.634,0.627,0.731,0.643,0.646,0.629,0.605,1.169,1.014,1.048,0.974,0.929,1.173,1.035,0.98,1.02,0.979,0.719,0.662,0.67,0.672,0.673,0.73,0.661,0.674,0.685,0.665,1.166,1.191,1.193,1.232,1.236,1.175,1.231,1.16,1.241,1.234,0.721,0.757,0.72,0.743,0.754,0.716,0.729,0.728,0.742,0.744
1060,1.18,1.15,1.1,1.077,1.066,1.202,1.197,1.062,1.08,1.064,0.727,0.75,0.704,0.686,0.693,0.736,0.72,0.7,0.697,0.686,1.166,1.199,1.185,1.205,1.225,1.177,1.249,1.17,1.238,1.22,0.723,0.737,0.729,0.722,0.741,0.728,0.74,0.756,0.743,0.73,1.216,1.213,1.26,1.279,1.325,1.178,1.316,1.191,1.236,1.251,0.745,0.746,0.749,0.751,0.768,0.739,0.748,0.742,0.764,0.739,1.205,1.022,1.065,0.986,0.915,1.194,1.035,0.948,1.011,0.966,0.718,0.641,0.646,0.634,0.63,0.735,0.644,0.648,0.635,0.612,1.177,1.017,1.06,0.983,0.937,1.173,1.033,0.986,1.03,0.986,0.717,0.661,0.676,0.677,0.676,0.729,0.658,0.679,0.689,0.674,1.168,1.196,1.196,1.235,1.236,1.178,1.228,1.159,1.243,1.232,0.721,0.752,0.718,0.741,0.748,0.715,0.73,0.726,0.74,0.743
1080,1.177,1.144,1.103,1.073,1.065,1.206,1.195,1.062,1.081,1.061,0.726,0.747,0.702,0.683,0.689,0.735,0.722,0.7,0.695,0.684,1.167,1.198,1.179,1.206,1.227,1.175,1.244,1.16,1.229,1.217,0.722,0.737,0.727,0.721,0.736,0.725,0.74,0.755,0.741,0.727,1.211,1.211,1.255,1.273,1.319,1.173,1.315,1.187,1.24,1.251,0.747,0.749,0.748,0.749,0.762,0.736,0.745,0.743,0.761,0.742,1.2,1.017,1.064,0.99,0.922,1.193,1.028,0.941,1.005,0.973,0.72,0.635,0.642,0.633,0.632,0.727,0.641,0.644,0.634,0.615,1.171,1.017,1.07,0.987,0.941,1.174,1.035,0.997,1.042,0.999,0.715,0.661,0.677,0.681,0.681,0.727,0.655,0.677,0.694,0.676,1.165,1.183,1.197,1.237,1.237,1.175,1.229,1.16,1.244,1.237,0.716,0.751,0.718,0.738,0.75,0.712,0.726,0.723,0.742,0.739
1100,1.183,1.15,1.103,1.074,1.068,1.207,1.203,1.063,1.084,1.064,0.726,0.746,0.703,0.684,0.692,0.735,0.719,0.696,0.695,0.684,1.165,1.201,1.187,1.201,1.222,1.175,1.251,1.164,1.235,1.217,0.72,0.738,0.727,0.719,0.738,0.726,0.739,0.749,0.741,0.73,1.217,1.212,1.26,1.272,1.317,1.18,1.316,1.191,1.234,1.254,0.743,0.747,0.747,0.745,0.765,0.733,0.748,0.743,0.764,0.737,1.204,1.017,1.062,1,0.931,1.193,1.03,0.943,1.002,0.979,0.719,0.636,0.643,0.639,0.637,0.733,0.638,0.64,0.636,0.618,1.176,1.018,1.081,1.004,0.951,1.172,1.035,1.012,1.052,1.008,0.713,0.664,0.678,0.689,0.689,0.723,0.656,0.681,0.698,0.681,1.166,1.191,1.192,1.236,1.237,1.175,1.228,1.16,1.247,1.232,0.717,0.752,0.717,0.738,0.747,0.709,0.731,0.722,0.736,0.74
1120,1.183,1.145,1.103,1.076,1.067,1.208,1.202,1.061,1.082,1.062,0.723,0.743,0.701,0.682,0.688,0.733,0.721,0.7,0.696,0.684,1.174,1.201,1.186,1.206,1.232,1.173,1.248,1.165,1.238,1.222,0.717,0.737,0.727,0.717,0.74,0.725,0.735,0.75,0.737,0.726,1.212,1.214,1.265,1.276,1.322,1.179,1.32,1.191,1.236,1.253,0.742,0.747,0.746,0.743,0.764,0.731,0.745,0.739,0.762,0.736,1.207,1.017,1.063,1.007,0.942,1.195,1.033,0.941,1.006,0.988,0.717,0.637,0.64,0.638,0.64,0.729,0.636,0.641,0.632,0.624,1.174,1.015,1.092,1.012,0.957,1.171,1.04,1.022,1.061,1.014,0.71,0.663,0.681,0.696,0.698,0.722,0.655,0.677,0.702,0.686,1.17,1.187,1.191,1.235,1.239,1.18,1.236,1.159,1.248,1.236,0.717,0.751,0.717,0.737,0.745,0.714,0.723,0.721,0.737,0.74
1140,1.185,1.148,1.104,1.076,1.071,1.204,1.199,1.061,1.085,1.066,0.72,0.745,0.705,0.682,0.689,0.731,0.715,0.695,0.693,0.682,1.168,1.205,1.184,1.204,1.228,1.175,1.25,1.168,1.234,1.22,0.718,0.735,0.724,0.718,0.734,0.721,0.734,0.751,0.737,0.724,1.211,1.211,1.261,1.279,1.324,1.178,1.317,1.192,1.235,1.258,0.742,0.744,0.743,0.743,0.764,0.731,0.741,0.737,0.759,0.736,1.211,1.019,1.056,1.021,0.949,1.193,1.031,0.938,0.998,0.995,0.717,0.634,0.636,0.633,0.64,0.725,0.633,0.641,0.63,0.624,1.175,1.02,1.103,1.016,0.965,1.172,1.039,1.03,1.074,1.021,0.713,0.66,0.682,0.699,0.699,0.722,0.656,0.676,0.708,0.691,1.166,1.19,1.189,1.238,1.233,1.177,1.229,1.163,1.25,1.239,0.717,0.751,0.716,0.733,0.745,0.71,0.726,0.722,0.735,0.736
1160,1.185,1.151,1.099,1.076,1.064,1.204,1.202,1.063,1.089,1.064,0.724,0.745,0.703,0.682,0.69,0.73,0.717,0.697,0.694,0.676,1.167,1.2,1.186,1.202,1.226,1.174,1.248,1.162,1.235,1.225,0.717,0.736,0.724,0.716,0.737,0.723,0.733,0.752,0.737,0.725,1.216,1.215,1.26,1.275,1.328,1.177,1.326,1.189,1.235,1.259,0.744,0.744,0.747,0.742,0.765,0.729,0.744,0.735,0.759,0.734,1.209,1.014,1.053,1.026,0.961,1.193,1.03,0.94,0.997,1,0.716,0.633,0.636,0.632,0.647,0.729,0.631,0.638,0.632,0.63,1.18,1.019,1.121,1.031,0.971,1.174,1.04,1.04,1.086,1.033,0.715,0.661,0.68,0.705,0.704,0.721,0.656,0.675,0.716,0.697,1.166,1.186,1.197,1.231,1.24,1.176,1.233,1.162,1.245,1.235,0.716,0.748,0.712,0.732,0.742,0.708,0.724,0.725,0.734,0.738
1180,1.187,1.147,1.103,1.077,1.066,1.207,1.198,1.065,1.078,1.062,0.719,0.744,0.7,0.682,0.687,0.731,0.716,0.694,0.694,0.679,1.169,1.204,1.184,1.203,1.222,1.172,1.254,1.168,1.236,1.222,0.716,0.732,0.722,0.713,0.731,0.723,0.733,0.749,0.739,0.724,1.212,1.211,1.254,1.269,1.326,1.18,1.335,1.194,1.236,1.266,0.741,0.74,0.742,0.742,0.765,0.729,0.742,0.734,0.761,0.73,1.216,1.012,1.05,1.036,0.969,1.188,1.031,0.936,0.994,1.009,0.717,0.631,0.633,0.633,0.646,0.728,0.636,0.637,0.626,0.633,1.174,1.017,1.128,1.041,0.983,1.169,1.036,1.054,1.096,1.037,0.71,0.666,0.677,0.709,0.712,0.721,0.657,0.671,0.722,0.705,1.165,1.19,1.19,1.235,1.24,1.176,1.23,1.161,1.246,1.241,0.716,0.747,0.712,0.731,0.742,0.71,0.719,0.719,0.733,0.735
