Genes,aTc,W
b0119_1,aTc_0,1.038006925
b0119_1,aTc_2,1.224219366
b0119_1,aTc_4,1.095220947
b0119_1,aTc_6,1.259519748
b0119_1,aTc_8,1.20272973
b0119_2,aTc_0,1.058156754
b0119_2,aTc_2,1.065421845
b0119_2,aTc_4,1.125684335
b0119_2,aTc_6,1.20631703
b0119_2,aTc_8,1.134562074
b0119_3,aTc_0,1.029191779
b0119_3,aTc_2,1.093639274
b0119_3,aTc_4,1.063802704
b0119_3,aTc_6,1.063083394
b0119_3,aTc_8,1.090398008
b0119_4,aTc_0,1.028734076
b0119_4,aTc_2,1.068445261
b0119_4,aTc_4,1.118081626
b0119_4,aTc_6,1.132218444
b0119_4,aTc_8,1.163017912
b0127_1,aTc_0,1.113627502
b0127_1,aTc_2,1.109321224
b0127_1,aTc_4,0.991308271
b0127_1,aTc_6,1.052491082
b0127_1,aTc_8,1.052643051
b0127_2,aTc_0,1.027037834
b0127_2,aTc_2,1.027622145
b0127_2,aTc_4,0.967910571
b0127_2,aTc_6,0.926471647
b0127_2,aTc_8,1.008763854
b0127_3,aTc_0,1.055837952
b0127_3,aTc_2,1.043988167
b0127_3,aTc_4,0.969510123
b0127_3,aTc_6,1.004346211
b0127_3,aTc_8,0.956157962
b0127_4,aTc_0,0.963735621
b0127_4,aTc_2,1.021924551
b0127_4,aTc_4,0.99374447
b0127_4,aTc_6,0.985548222
b0127_4,aTc_8,0.960071045
b0179_1,aTc_0,1.112320809
b0179_1,aTc_2,1.23352788
b0179_1,aTc_4,1.08072429
b0179_1,aTc_6,1.155674884
b0179_1,aTc_8,1.158817658
b0179_2,aTc_0,1.141120183
b0179_2,aTc_2,1.101983273
b0179_2,aTc_4,1.189493807
b0179_2,aTc_6,1.276323284
b0179_2,aTc_8,1.269466005
b0179_3,aTc_0,1.027530295
b0179_3,aTc_2,1.17493794
b0179_3,aTc_4,1.105370102
b0179_3,aTc_6,1.09399862
b0179_3,aTc_8,1.075396772
b0179_4,aTc_0,0.970400175
b0179_4,aTc_2,1.097957796
b0179_4,aTc_4,1.177551557
b0179_4,aTc_6,1.250523758
b0179_4,aTc_8,1.193953916
b0215_1,aTc_0,1.092319451
b0215_1,aTc_2,1.105382542
b0215_1,aTc_4,0.985488123
b0215_1,aTc_6,0.998697561
b0215_1,aTc_8,0.952334933
b0215_2,aTc_0,1.083571092
b0215_2,aTc_2,1.020588812
b0215_2,aTc_4,1.001373394
b0215_2,aTc_6,1.063785725
b0215_2,aTc_8,1.097761372
b0215_3,aTc_0,0.984559776
b0215_3,aTc_2,1.010066714
b0215_3,aTc_4,0.942827449
b0215_3,aTc_6,0.937553869
b0215_3,aTc_8,0.942641321
b0215_4,aTc_0,1.06210886
b0215_4,aTc_2,1.016922087
b0215_4,aTc_4,0.993827033
b0215_4,aTc_6,1.032447683
b0215_4,aTc_8,1.017145302
b0423_1,aTc_0,1.081049073
b0423_1,aTc_2,0.595951262
b0423_1,aTc_4,0.415021809
b0423_1,aTc_6,0.400560877
b0423_1,aTc_8,0.355952977
b0423_2,aTc_0,0.984529486
b0423_2,aTc_2,0.503463272
b0423_2,aTc_4,0.359909425
b0423_2,aTc_6,0.386418806
b0423_2,aTc_8,0.392184452
b0423_3,aTc_0,1.031430883
b0423_3,aTc_2,0.532366187
b0423_3,aTc_4,0.424140773
b0423_3,aTc_6,0.380387975
b0423_3,aTc_8,0.336470455
b0423_4,aTc_0,0.963331919
b0423_4,aTc_2,0.453171555
b0423_4,aTc_4,0.380813844
b0423_4,aTc_6,0.393921646
b0423_4,aTc_8,0.350506052
b0440_1,aTc_0,1.021805337
b0440_1,aTc_2,0.980501824
b0440_1,aTc_4,0.925073495
b0440_1,aTc_6,0.909409619
b0440_1,aTc_8,0.92903743
b0440_2,aTc_0,0.986573065
b0440_2,aTc_2,0.96469812
b0440_2,aTc_4,0.935504146
b0440_2,aTc_6,0.894957429
b0440_2,aTc_8,0.906117206
b0440_3,aTc_0,0.965273001
b0440_3,aTc_2,0.956045019
b0440_3,aTc_4,0.910888682
b0440_3,aTc_6,0.889589064
b0440_3,aTc_8,1.026103492
b0440_4,aTc_0,0.973385736
b0440_4,aTc_2,1.029942299
b0440_4,aTc_4,1.018298244
b0440_4,aTc_6,0.922710053
b0440_4,aTc_8,0.975467988
b0607_1,aTc_0,1.038037566
b0607_1,aTc_2,0.996925354
b0607_1,aTc_4,0.953744992
b0607_1,aTc_6,0.959367269
b0607_1,aTc_8,0.964159491
b0607_2,aTc_0,0.988355861
b0607_2,aTc_2,1.003244429
b0607_2,aTc_4,0.934006484
b0607_2,aTc_6,0.940173073
b0607_2,aTc_8,0.992207513
b0607_3,aTc_0,0.962510255
b0607_3,aTc_2,0.989231668
b0607_3,aTc_4,0.928697682
b0607_3,aTc_6,0.909289393
b0607_3,aTc_8,1.023528481
b0607_4,aTc_0,0.940502237
b0607_4,aTc_2,0.997482708
b0607_4,aTc_4,0.902529074
b0607_4,aTc_6,0.927072676
b0607_4,aTc_8,1.078510252
b0623_1,aTc_0,1.032656854
b0623_1,aTc_2,0.934995093
b0623_1,aTc_4,0.883971938
b0623_1,aTc_6,0.870429298
b0623_1,aTc_8,0.890836566
b0623_2,aTc_0,1.071457985
b0623_2,aTc_2,0.932860268
b0623_2,aTc_4,0.90111599
b0623_2,aTc_6,0.910344259
b0623_2,aTc_8,0.936794795
b0623_3,aTc_0,1.00133237
b0623_3,aTc_2,0.919516422
b0623_3,aTc_4,0.90699974
b0623_3,aTc_6,0.873540725
b0623_3,aTc_8,1.023707854
b0623_4,aTc_0,1.037794253
b0623_4,aTc_2,0.932329603
b0623_4,aTc_4,0.958581632
b0623_4,aTc_6,0.905256544
b0623_4,aTc_8,1.098683536
b0642_1,aTc_0,0.849205616
b0642_1,aTc_2,0.38935285
b0642_1,aTc_4,0.279605809
b0642_1,aTc_6,0.214658591
b0642_1,aTc_8,0.22621688
b0642_2,aTc_0,0.992162506
b0642_2,aTc_2,0.465081275
b0642_2,aTc_4,0.29094253
b0642_2,aTc_6,0.249997305
b0642_2,aTc_8,0.199569651
b0642_3,aTc_0,0.960311456
b0642_3,aTc_2,0.507809849
b0642_3,aTc_4,0.374530218
b0642_3,aTc_6,0.259872857
b0642_3,aTc_8,0.263099059
b0642_4,aTc_0,0.825124203
b0642_4,aTc_2,0.466854647
b0642_4,aTc_4,0.350740137
b0642_4,aTc_6,0.257883932
b0642_4,aTc_8,0.256090097
b0695_1,aTc_0,1.084508209
b0695_1,aTc_2,0.798349683
b0695_1,aTc_4,0.742072454
b0695_1,aTc_6,0.682089271
b0695_1,aTc_8,0.719671873
b0695_2,aTc_0,1.091579904
b0695_2,aTc_2,0.79294713
b0695_2,aTc_4,0.70527711
b0695_2,aTc_6,0.719894296
b0695_2,aTc_8,0.721019247
b0695_3,aTc_0,1.082187405
b0695_3,aTc_2,0.779663708
b0695_3,aTc_4,0.749221185
b0695_3,aTc_6,0.709671841
b0695_3,aTc_8,0.699636832
b0695_4,aTc_0,1.10365401
b0695_4,aTc_2,0.812754271
b0695_4,aTc_4,0.813375074
b0695_4,aTc_6,0.723777088
b0695_4,aTc_8,0.881671742
b0780_1,aTc_0,1.009379582
b0780_1,aTc_2,1.102252005
b0780_1,aTc_4,0.984001001
b0780_1,aTc_6,1.012985976
b0780_1,aTc_8,1.034055503
b0780_2,aTc_0,1.020125231
b0780_2,aTc_2,1.00912245
b0780_2,aTc_4,0.977231471
b0780_2,aTc_6,1.029333225
b0780_2,aTc_8,1.109273618
b0780_3,aTc_0,1.011309436
b0780_3,aTc_2,1.036797094
b0780_3,aTc_4,0.970707008
b0780_3,aTc_6,0.93624426
b0780_3,aTc_8,0.93237406
b0780_4,aTc_0,0.924212011
b0780_4,aTc_2,0.952965745
b0780_4,aTc_4,0.932859693
b0780_4,aTc_6,0.944816317
b0780_4,aTc_8,0.855254155
b0785_1,aTc_0,1.049313631
b0785_1,aTc_2,1.099780273
b0785_1,aTc_4,1.030586966
b0785_1,aTc_6,1.018197559
b0785_1,aTc_8,1.115748724
b0785_2,aTc_0,0.968759513
b0785_2,aTc_2,1.047059022
b0785_2,aTc_4,0.934662809
b0785_2,aTc_6,1.045378989
b0785_2,aTc_8,1.150964266
b0785_3,aTc_0,0.932431652
b0785_3,aTc_2,1.025821275
b0785_3,aTc_4,0.970930437
b0785_3,aTc_6,0.93502242
b0785_3,aTc_8,1.011875181
b0785_4,aTc_0,0.897108385
b0785_4,aTc_2,0.989910569
b0785_4,aTc_4,0.849449724
b0785_4,aTc_6,0.90081689
b0785_4,aTc_8,1.049752978
b0812_1,aTc_0,1.031774752
b0812_1,aTc_2,1.012253895
b0812_1,aTc_4,1.007938749
b0812_1,aTc_6,0.904341408
b0812_1,aTc_8,1.007883253
b0812_2,aTc_0,1.047859782
b0812_2,aTc_2,1.065503429
b0812_2,aTc_4,1.089100999
b0812_2,aTc_6,1.036402341
b0812_2,aTc_8,1.129335718
b0812_3,aTc_0,0.922377575
b0812_3,aTc_2,0.941696476
b0812_3,aTc_4,0.922222343
b0812_3,aTc_6,0.898678255
b0812_3,aTc_8,0.917148707
b0812_4,aTc_0,0.972291439
b0812_4,aTc_2,1.002045598
b0812_4,aTc_4,1.02767565
b0812_4,aTc_6,1.03313065
b0812_4,aTc_8,1.066689072
b0880_1,aTc_0,1.706608766
b0880_1,aTc_2,1.292121368
b0880_1,aTc_4,1.131757063
b0880_1,aTc_6,1.119721805
b0880_1,aTc_8,0.904916507
b0880_2,aTc_0,1.067695647
b0880_2,aTc_2,0.864244693
b0880_2,aTc_4,0.761479731
b0880_2,aTc_6,0.912456069
b0880_2,aTc_8,1.16971135
b0880_3,aTc_0,1.554064533
b0880_3,aTc_2,0.911865397
b0880_3,aTc_4,0.780804331
b0880_3,aTc_6,0.832227795
b0880_3,aTc_8,0.775680498
b0880_4,aTc_0,0.969020107
b0880_4,aTc_2,0.915557395
b0880_4,aTc_4,0.642416658
b0880_4,aTc_6,0.975402745
b0880_4,aTc_8,0.842560661
b0882_1,aTc_0,1.013254695
b0882_1,aTc_2,0.920051978
b0882_1,aTc_4,0.799988666
b0882_1,aTc_6,0.806945222
b0882_1,aTc_8,0.838226573
b0882_2,aTc_0,0.949107392
b0882_2,aTc_2,0.888634101
b0882_2,aTc_4,0.791243307
b0882_2,aTc_6,0.841411328
b0882_2,aTc_8,0.915046253
b0882_3,aTc_0,0.874720291
b0882_3,aTc_2,0.880683517
b0882_3,aTc_4,0.771579553
b0882_3,aTc_6,0.798585076
b0882_3,aTc_8,0.770466773
b0882_4,aTc_0,0.92418044
b0882_4,aTc_2,0.824790003
b0882_4,aTc_4,0.812174344
b0882_4,aTc_6,0.807336283
b0882_4,aTc_8,0.835929015
b0891_1,aTc_0,1.148986623
b0891_1,aTc_2,1.059357524
b0891_1,aTc_4,0.997407311
b0891_1,aTc_6,0.942402247
b0891_1,aTc_8,0.987186157
b0891_2,aTc_0,1.080475291
b0891_2,aTc_2,0.947463052
b0891_2,aTc_4,0.958282632
b0891_2,aTc_6,0.961022112
b0891_2,aTc_8,0.975985535
b0891_3,aTc_0,1.095665037
b0891_3,aTc_2,1.053936668
b0891_3,aTc_4,0.967136611
b0891_3,aTc_6,0.940685264
b0891_3,aTc_8,0.92309622
b0891_4,aTc_0,1.01372233
b0891_4,aTc_2,0.920668706
b0891_4,aTc_4,0.928346693
b0891_4,aTc_6,0.921426619
b0891_4,aTc_8,0.785318536
b0948_1,aTc_0,1.11148609
b0948_1,aTc_2,1.066518147
b0948_1,aTc_4,0.989832415
b0948_1,aTc_6,1.002236648
b0948_1,aTc_8,1.027667389
b0948_2,aTc_0,0.884264724
b0948_2,aTc_2,1.021329401
b0948_2,aTc_4,0.993436638
b0948_2,aTc_6,1.020872984
b0948_2,aTc_8,1.016023115
b0948_3,aTc_0,1.045431081
b0948_3,aTc_2,1.023572021
b0948_3,aTc_4,1.000992425
b0948_3,aTc_6,0.957639391
b0948_3,aTc_8,0.985320816
b0948_4,aTc_0,0.987526069
b0948_4,aTc_2,0.995492575
b0948_4,aTc_4,0.99112212
b0948_4,aTc_6,0.979207582
b0948_4,aTc_8,0.966591129
b1000_1,aTc_0,1.027223731
b1000_1,aTc_2,1.061602652
b1000_1,aTc_4,1.018734904
b1000_1,aTc_6,0.997497196
b1000_1,aTc_8,0.998892207
b1000_2,aTc_0,1.090908272
b1000_2,aTc_2,1.030833458
b1000_2,aTc_4,1.04943685
b1000_2,aTc_6,1.019043572
b1000_2,aTc_8,0.991451394
b1000_3,aTc_0,1.012743177
b1000_3,aTc_2,1.053354412
b1000_3,aTc_4,0.968924531
b1000_3,aTc_6,0.951624888
b1000_3,aTc_8,0.931306354
b1000_4,aTc_0,1.066212522
b1000_4,aTc_2,1.028306023
b1000_4,aTc_4,1.046701688
b1000_4,aTc_6,0.997205656
b1000_4,aTc_8,1.000088162
b1084_1,aTc_0,1.081149423
b1084_1,aTc_2,0.540648146
b1084_1,aTc_4,0.455454095
b1084_1,aTc_6,0.428067768
b1084_1,aTc_8,0.40980924
b1084_2,aTc_0,1.04507239
b1084_2,aTc_2,0.470106206
b1084_2,aTc_4,0.425107476
b1084_2,aTc_6,0.42619285
b1084_2,aTc_8,0.432468225
b1084_3,aTc_0,1.095449886
b1084_3,aTc_2,0.526866588
b1084_3,aTc_4,0.499923526
b1084_3,aTc_6,0.425080387
b1084_3,aTc_8,0.427596776
b1084_4,aTc_0,0.980896338
b1084_4,aTc_2,0.462379023
b1084_4,aTc_4,0.459631247
b1084_4,aTc_6,0.391181137
b1084_4,aTc_8,0.39987158
b1094_1,aTc_0,1.134324742
b1094_1,aTc_2,0.859720638
b1094_1,aTc_4,0.741852941
b1094_1,aTc_6,0.751711485
b1094_1,aTc_8,0.737065044
b1094_2,aTc_0,1.147500318
b1094_2,aTc_2,0.80369835
b1094_2,aTc_4,0.759095016
b1094_2,aTc_6,0.735606928
b1094_2,aTc_8,0.725910476
b1094_3,aTc_0,1.04797686
b1094_3,aTc_2,0.835607151
b1094_3,aTc_4,0.763897688
b1094_3,aTc_6,0.742937633
b1094_3,aTc_8,0.726502867
b1094_4,aTc_0,1.071629887
b1094_4,aTc_2,0.773503989
b1094_4,aTc_4,0.768602895
b1094_4,aTc_6,0.728546878
b1094_4,aTc_8,0.699470129
b1763_1,aTc_0,1.089011255
b1763_1,aTc_2,0.73488456
b1763_1,aTc_4,0.679123473
b1763_1,aTc_6,0.689860063
b1763_1,aTc_8,0.606742448
b1763_2,aTc_0,1.013538293
b1763_2,aTc_2,0.806317912
b1763_2,aTc_4,0.66967319
b1763_2,aTc_6,0.675176535
b1763_2,aTc_8,0.648226344
b1763_3,aTc_0,1.042121674
b1763_3,aTc_2,0.755188361
b1763_3,aTc_4,0.670725712
b1763_3,aTc_6,0.638080875
b1763_3,aTc_8,0.629459578
b1763_4,aTc_0,0.941516556
b1763_4,aTc_2,0.707397106
b1763_4,aTc_4,0.663069072
b1763_4,aTc_6,0.648234887
b1763_4,aTc_8,0.678291672
b1686_1,aTc_0,1.02678643
b1686_1,aTc_2,1.038117925
b1686_1,aTc_4,0.865390227
b1686_1,aTc_6,1.030498734
b1686_1,aTc_8,0.907296636
b1686_2,aTc_0,1.02714697
b1686_2,aTc_2,0.985359289
b1686_2,aTc_4,0.959622916
b1686_2,aTc_6,1.001784826
b1686_2,aTc_8,1.04658866
b1686_3,aTc_0,0.94870132
b1686_3,aTc_2,0.978736977
b1686_3,aTc_4,0.932786867
b1686_3,aTc_6,0.923700635
b1686_3,aTc_8,0.875456906
b1686_4,aTc_0,0.911372111
b1686_4,aTc_2,0.916241009
b1686_4,aTc_4,0.812687524
b1686_4,aTc_6,0.950323278
b1686_4,aTc_8,0.981205236
b1718_1,aTc_0,1.107103583
b1718_1,aTc_2,1.074778811
b1718_1,aTc_4,1.018762049
b1718_1,aTc_6,1.090864473
b1718_1,aTc_8,1.077937381
b1718_2,aTc_0,1.028582161
b1718_2,aTc_2,0.983225129
b1718_2,aTc_4,1.010393903
b1718_2,aTc_6,1.055037491
b1718_2,aTc_8,0.948196478
b1718_3,aTc_0,0.980128785
b1718_3,aTc_2,1.052749362
b1718_3,aTc_4,1.001842863
b1718_3,aTc_6,0.992938067
b1718_3,aTc_8,0.980273803
b1718_4,aTc_0,1.006964474
b1718_4,aTc_2,0.968419106
b1718_4,aTc_4,0.970963297
b1718_4,aTc_6,0.95301305
b1718_4,aTc_8,0.91579313
b1290_1,aTc_0,0.981946218
b1290_1,aTc_2,1.032603009
b1290_1,aTc_4,0.897839376
b1290_1,aTc_6,0.856785522
b1290_1,aTc_8,0.857103889
b1290_2,aTc_0,1.072810746
b1290_2,aTc_2,0.991800523
b1290_2,aTc_4,0.883492152
b1290_2,aTc_6,0.892363185
b1290_2,aTc_8,0.87427261
b1290_3,aTc_0,0.947472079
b1290_3,aTc_2,0.996926639
b1290_3,aTc_4,0.889590883
b1290_3,aTc_6,0.878245777
b1290_3,aTc_8,0.806441525
b1290_4,aTc_0,0.991778521
b1290_4,aTc_2,0.983724771
b1290_4,aTc_4,0.919752652
b1290_4,aTc_6,0.883850283
b1290_4,aTc_8,0.889535604
b1913_1,aTc_0,0.990468714
b1913_1,aTc_2,1.381708059
b1913_1,aTc_4,1.13707376
b1913_1,aTc_6,0.907661893
b1913_1,aTc_8,1.104699616
b1913_2,aTc_0,0.987922728
b1913_2,aTc_2,0.712087075
b1913_2,aTc_4,0.547877329
b1913_2,aTc_6,0.62858476
b1913_2,aTc_8,1.032591776
b1913_3,aTc_0,0.884225604
b1913_3,aTc_2,1.417763742
b1913_3,aTc_4,0.747392879
b1913_3,aTc_6,1.099917101
b1913_3,aTc_8,1.038500269
b1913_4,aTc_0,0.912484121
b1913_4,aTc_2,0.733511686
b1913_4,aTc_4,0.529824035
b1913_4,aTc_6,0.691905126
b1913_4,aTc_8,0.821687475
b2341_1,aTc_0,0.998118929
b2341_1,aTc_2,0.927528608
b2341_1,aTc_4,0.925857138
b2341_1,aTc_6,0.832737623
b2341_1,aTc_8,0.841887518
b2341_2,aTc_0,1.045602946
b2341_2,aTc_2,0.885710565
b2341_2,aTc_4,0.988055675
b2341_2,aTc_6,0.98254004
b2341_2,aTc_8,0.965161089
b2341_3,aTc_0,0.923495042
b2341_3,aTc_2,0.844528586
b2341_3,aTc_4,0.850087375
b2341_3,aTc_6,0.755671731
b2341_3,aTc_8,0.750531299
b2341_4,aTc_0,0.948839792
b2341_4,aTc_2,0.81375455
b2341_4,aTc_4,0.881865558
b2341_4,aTc_6,0.864155433
b2341_4,aTc_8,0.866421686
b2530_1,aTc_0,0.960283272
b2530_1,aTc_2,0.842655179
b2530_1,aTc_4,0.69752803
b2530_1,aTc_6,0.665467303
b2530_1,aTc_8,0.641931027
b2530_2,aTc_0,1.076766414
b2530_2,aTc_2,0.832092394
b2530_2,aTc_4,0.695039073
b2530_2,aTc_6,0.745821443
b2530_2,aTc_8,0.698667256
b2530_3,aTc_0,0.917957646
b2530_3,aTc_2,0.789280662
b2530_3,aTc_4,0.65010188
b2530_3,aTc_6,0.608593441
b2530_3,aTc_8,0.602511809
b2530_4,aTc_0,0.975073484
b2530_4,aTc_2,0.769948867
b2530_4,aTc_4,0.665220366
b2530_4,aTc_6,0.695358333
b2530_4,aTc_8,0.660791498
b2576_1,aTc_0,1.046228537
b2576_1,aTc_2,0.924076634
b2576_1,aTc_4,0.925699508
b2576_1,aTc_6,0.886973107
b2576_1,aTc_8,0.848286937
b2576_2,aTc_0,1.122613371
b2576_2,aTc_2,0.927844918
b2576_2,aTc_4,0.882288994
b2576_2,aTc_6,0.871719502
b2576_2,aTc_8,0.898360006
b2576_3,aTc_0,0.903594181
b2576_3,aTc_2,0.759763155
b2576_3,aTc_4,0.882873815
b2576_3,aTc_6,0.831429995
b2576_3,aTc_8,0.794841499
b2576_4,aTc_0,0.972772434
b2576_4,aTc_2,0.859679187
b2576_4,aTc_4,0.841068492
b2576_4,aTc_6,0.818942612
b2576_4,aTc_8,0.807249016
b2990_1,aTc_0,0.981007332
b2990_1,aTc_2,0.956562544
b2990_1,aTc_4,1.000934856
b2990_1,aTc_6,0.948129604
b2990_1,aTc_8,1.005078792
b2990_2,aTc_0,1.042034798
b2990_2,aTc_2,1.029130111
b2990_2,aTc_4,1.06134929
b2990_2,aTc_6,1.109957338
b2990_2,aTc_8,1.058377305
b2990_3,aTc_0,0.907526815
b2990_3,aTc_2,0.892913048
b2990_3,aTc_4,0.96511796
b2990_3,aTc_6,0.883379949
b2990_3,aTc_8,0.874474181
b2990_4,aTc_0,0.912230027
b2990_4,aTc_2,0.933771658
b2990_4,aTc_4,0.94222934
b2990_4,aTc_6,1.001347021
b2990_4,aTc_8,0.964090639
b3006_1,aTc_0,1.087235718
b3006_1,aTc_2,0.953888413
b3006_1,aTc_4,1.028340042
b3006_1,aTc_6,1.008491217
b3006_1,aTc_8,0.989509473
b3006_2,aTc_0,1.059492955
b3006_2,aTc_2,0.984374402
b3006_2,aTc_4,0.946499395
b3006_2,aTc_6,1.075007076
b3006_2,aTc_8,1.005697172
b3006_3,aTc_0,0.966443263
b3006_3,aTc_2,0.911071401
b3006_3,aTc_4,0.976680903
b3006_3,aTc_6,0.904925866
b3006_3,aTc_8,0.894807354
b3006_4,aTc_0,0.908053899
b3006_4,aTc_2,0.874537667
b3006_4,aTc_4,0.90342754
b3006_4,aTc_6,0.943436767
b3006_4,aTc_8,0.818860852
b3071_1,aTc_0,1.100273854
b3071_1,aTc_2,1.055182337
b3071_1,aTc_4,1.026311511
b3071_1,aTc_6,1.013214942
b3071_1,aTc_8,0.96573802
b3071_2,aTc_0,1.087225324
b3071_2,aTc_2,0.976494181
b3071_2,aTc_4,1.050634682
b3071_2,aTc_6,1.107689849
b3071_2,aTc_8,1.114013241
b3071_3,aTc_0,1.029998853
b3071_3,aTc_2,0.996221996
b3071_3,aTc_4,1.01693736
b3071_3,aTc_6,1.003230159
b3071_3,aTc_8,0.936505091
b3071_4,aTc_0,1.05141415
b3071_4,aTc_2,0.727938588
b3071_4,aTc_4,1.016034191
b3071_4,aTc_6,1.055020286
b3071_4,aTc_8,1.044665491
b3164_1,aTc_0,1.091154265
b3164_1,aTc_2,0.894338581
b3164_1,aTc_4,0.888858058
b3164_1,aTc_6,0.961516388
b3164_1,aTc_8,0.878496179
b3164_2,aTc_0,1.057976353
b3164_2,aTc_2,0.828766178
b3164_2,aTc_4,0.871642246
b3164_2,aTc_6,0.929201157
b3164_2,aTc_8,0.941486221
b3164_3,aTc_0,0.979254816
b3164_3,aTc_2,0.770816848
b3164_3,aTc_4,0.918698786
b3164_3,aTc_6,0.9060893
b3164_3,aTc_8,0.841843978
b3164_4,aTc_0,1.002498202
b3164_4,aTc_2,0.827934892
b3164_4,aTc_4,0.891442113
b3164_4,aTc_6,0.803668678
b3164_4,aTc_8,0.854685255
b3417_1,aTc_0,1.016229235
b3417_1,aTc_2,0.942478985
b3417_1,aTc_4,0.776977967
b3417_1,aTc_6,0.82231624
b3417_1,aTc_8,0.757868428
b3417_2,aTc_0,1.024255367
b3417_2,aTc_2,0.888548231
b3417_2,aTc_4,0.779122295
b3417_2,aTc_6,0.963518988
b3417_2,aTc_8,0.765130829
b3417_3,aTc_0,0.989119789
b3417_3,aTc_2,0.853093382
b3417_3,aTc_4,0.820723177
b3417_3,aTc_6,0.785215026
b3417_3,aTc_8,0.731176421
b3417_4,aTc_0,0.984004039
b3417_4,aTc_2,0.839845799
b3417_4,aTc_4,0.639592847
b3417_4,aTc_6,0.777759131
b3417_4,aTc_8,0.724425312
b3560_1,aTc_0,1.011013914
b3560_1,aTc_2,0.90100992
b3560_1,aTc_4,0.606954184
b3560_1,aTc_6,0.522104315
b3560_1,aTc_8,0.509374357
b3560_2,aTc_0,1.112303373
b3560_2,aTc_2,0.985538204
b3560_2,aTc_4,0.560821864
b3560_2,aTc_6,0.747414503
b3560_2,aTc_8,0.53193211
b3560_3,aTc_0,0.921648889
b3560_3,aTc_2,0.810890171
b3560_3,aTc_4,0.620120757
b3560_3,aTc_6,0.52544628
b3560_3,aTc_8,0.465575219
b3560_4,aTc_0,1.075208991
b3560_4,aTc_2,0.835991668
b3560_4,aTc_4,0.65197015
b3560_4,aTc_6,0.750394581
b3560_4,aTc_8,0.495377448
b3590_1,aTc_0,1.043555744
b3590_1,aTc_2,0.838111625
b3590_1,aTc_4,0.780379364
b3590_1,aTc_6,0.803126293
b3590_1,aTc_8,0.681844125
b3590_2,aTc_0,1.057479363
b3590_2,aTc_2,0.844522022
b3590_2,aTc_4,0.802050051
b3590_2,aTc_6,0.898582874
b3590_2,aTc_8,0.764209764
b3590_3,aTc_0,0.949784265
b3590_3,aTc_2,0.737671715
b3590_3,aTc_4,0.716970875
b3590_3,aTc_6,0.741771375
b3590_3,aTc_8,0.698542421
b3590_4,aTc_0,1.017231661
b3590_4,aTc_2,0.827110383
b3590_4,aTc_4,0.817076762
b3590_4,aTc_6,0.839728118
b3590_4,aTc_8,0.770074251
b3602_1,aTc_0,1.011880632
b3602_1,aTc_2,0.978420654
b3602_1,aTc_4,0.947449956
b3602_1,aTc_6,0.934339806
b3602_1,aTc_8,0.934828119
b3602_2,aTc_0,0.998046604
b3602_2,aTc_2,1.03792415
b3602_2,aTc_4,0.928578525
b3602_2,aTc_6,1.004672387
b3602_2,aTc_8,0.96009785
b3602_3,aTc_0,0.955993185
b3602_3,aTc_2,0.947433406
b3602_3,aTc_4,0.927948515
b3602_3,aTc_6,0.873346977
b3602_3,aTc_8,0.877034149
b3602_4,aTc_0,0.929074235
b3602_4,aTc_2,0.981118279
b3602_4,aTc_4,0.916380283
b3602_4,aTc_6,0.922739754
b3602_4,aTc_8,0.938652488
b3686_1,aTc_0,0.992069359
b3686_1,aTc_2,1.033158222
b3686_1,aTc_4,0.98196599
b3686_1,aTc_6,0.949254103
b3686_1,aTc_8,1.00452574
b3686_2,aTc_0,0.964277878
b3686_2,aTc_2,1.004207198
b3686_2,aTc_4,0.93145662
b3686_2,aTc_6,0.997265228
b3686_2,aTc_8,0.957191814
b3686_3,aTc_0,0.96148316
b3686_3,aTc_2,0.995658358
b3686_3,aTc_4,0.951923627
b3686_3,aTc_6,0.915831006
b3686_3,aTc_8,0.929968901
b3686_4,aTc_0,0.913471236
b3686_4,aTc_2,0.953954175
b3686_4,aTc_4,0.916940132
b3686_4,aTc_6,0.966856648
b3686_4,aTc_8,0.950800298
b3725_1,aTc_0,1.022321757
b3725_1,aTc_2,0.94677053
b3725_1,aTc_4,0.771083543
b3725_1,aTc_6,0.651951139
b3725_1,aTc_8,0.631428662
b3725_2,aTc_0,1.007629374
b3725_2,aTc_2,0.977178909
b3725_2,aTc_4,0.766880251
b3725_2,aTc_6,0.701216063
b3725_2,aTc_8,0.702214761
b3725_3,aTc_0,0.977998145
b3725_3,aTc_2,0.857121716
b3725_3,aTc_4,0.786609668
b3725_3,aTc_6,0.693538836
b3725_3,aTc_8,0.650025595
b3725_4,aTc_0,0.913614747
b3725_4,aTc_2,0.91355959
b3725_4,aTc_4,0.790780076
b3725_4,aTc_6,0.591339797
b3725_4,aTc_8,0.700798412
b4000_1,aTc_0,0.945445667
b4000_1,aTc_2,0.988505271
b4000_1,aTc_4,0.916286424
b4000_1,aTc_6,0.878805217
b4000_1,aTc_8,0.862453415
b4000_2,aTc_0,0.9896187
b4000_2,aTc_2,0.998017572
b4000_2,aTc_4,0.940364413
b4000_2,aTc_6,0.972673826
b4000_2,aTc_8,0.952882118
b4000_3,aTc_0,0.894320359
b4000_3,aTc_2,0.98804595
b4000_3,aTc_4,0.883322963
b4000_3,aTc_6,0.839150328
b4000_3,aTc_8,0.829851635
b4000_4,aTc_0,0.904377586
b4000_4,aTc_2,0.952025926
b4000_4,aTc_4,0.945080309
b4000_4,aTc_6,0.935970056
b4000_4,aTc_8,0.950747442
b4043_1,aTc_0,1.016383269
b4043_1,aTc_2,1.27879019
b4043_1,aTc_4,0.973666107
b4043_1,aTc_6,0.731797528
b4043_1,aTc_8,0.971808655
b4043_2,aTc_0,0.959981329
b4043_2,aTc_2,1.042441448
b4043_2,aTc_4,0.774768305
b4043_2,aTc_6,0.966478117
b4043_2,aTc_8,1.070518765
b4043_3,aTc_0,0.950433957
b4043_3,aTc_2,1.068474479
b4043_3,aTc_4,0.809585356
b4043_3,aTc_6,0.858297938
b4043_3,aTc_8,0.936940894
b4043_4,aTc_0,0.874388889
b4043_4,aTc_2,0.90047005
b4043_4,aTc_4,0.710733656
b4043_4,aTc_6,0.943054366
b4043_4,aTc_8,1.011208253
b4172_1,aTc_0,1.062205205
b4172_1,aTc_2,1.061421629
b4172_1,aTc_4,1.026922552
b4172_1,aTc_6,1.095898344
b4172_1,aTc_8,1.0239363
b4172_2,aTc_0,1.035633744
b4172_2,aTc_2,1.035696217
b4172_2,aTc_4,1.033996732
b4172_2,aTc_6,1.16662048
b4172_2,aTc_8,1.130401771
b4172_3,aTc_0,0.942589624
b4172_3,aTc_2,1.110855879
b4172_3,aTc_4,1.024926966
b4172_3,aTc_6,1.073998608
b4172_3,aTc_8,1.047078383
b4172_4,aTc_0,1.009651965
b4172_4,aTc_2,1.017682995
b4172_4,aTc_4,1.004812028
b4172_4,aTc_6,1.086168883
b4172_4,aTc_8,1.077838838
b4203_1,aTc_0,1.081279594
b4203_1,aTc_2,1.102147464
b4203_1,aTc_4,1.051945484
b4203_1,aTc_6,1.038580877
b4203_1,aTc_8,1.023596286
b4203_2,aTc_0,1.072723712
b4203_2,aTc_2,1.022394548
b4203_2,aTc_4,1.043512046
b4203_2,aTc_6,1.054557561
b4203_2,aTc_8,1.054644784
b4203_3,aTc_0,0.989753271
b4203_3,aTc_2,1.023884632
b4203_3,aTc_4,1.058286447
b4203_3,aTc_6,0.931775726
b4203_3,aTc_8,0.983787361
b4203_4,aTc_0,1.074775672
b4203_4,aTc_2,0.997864244
b4203_4,aTc_4,0.917766901
b4203_4,aTc_6,1.052963006
b4203_4,aTc_8,1.01988849
b4243_1,aTc_0,1.047217092
b4243_1,aTc_2,1.077834196
b4243_1,aTc_4,1.066909659
b4243_1,aTc_6,1.09500817
b4243_1,aTc_8,1.062182513
b4243_2,aTc_0,1.066122025
b4243_2,aTc_2,1.031965808
b4243_2,aTc_4,1.087069264
b4243_2,aTc_6,1.152875464
b4243_2,aTc_8,1.109983069
b4243_3,aTc_0,0.989166104
b4243_3,aTc_2,1.026998362
b4243_3,aTc_4,1.042620929
b4243_3,aTc_6,1.070845106
b4243_3,aTc_8,1.059114713
b4243_4,aTc_0,1.05712892
b4243_4,aTc_2,1.018420516
b4243_4,aTc_4,0.913607009
b4243_4,aTc_6,1.05689487
b4243_4,aTc_8,1.04205408
b4373_1,aTc_0,1.091785949
b4373_1,aTc_2,1.131203543
b4373_1,aTc_4,1.061229083
b4373_1,aTc_6,1.111393541
b4373_1,aTc_8,1.02375963
b4373_2,aTc_0,1.054065504
b4373_2,aTc_2,1.049751205
b4373_2,aTc_4,1.002603291
b4373_2,aTc_6,1.036751051
b4373_2,aTc_8,0.963655276
b4373_3,aTc_0,1.041994299
b4373_3,aTc_2,1.045121513
b4373_3,aTc_4,1.029059023
b4373_3,aTc_6,1.099907237
b4373_3,aTc_8,0.986673791
b4373_4,aTc_0,0.972012685
b4373_4,aTc_2,1.034903394
b4373_4,aTc_4,0.755776139
b4373_4,aTc_6,0.967466829
b4373_4,aTc_8,0.92429236
